text,clean,개인지칭,기타혐오,성별,성소수자,악플욕설,연령,인종국적,종교,지역
충청도 새끼들은 음흉해서 믿을수가 없어,0,0,0,0,0,0,0,0,0,1
7시 지역이 7시 했는데 뭐가 문제임?,0,0,0,0,0,0,0,0,0,1
역시 전라도 사람들이랑은 밥도 같이 먹지 말아야 된다니까,0,0,0,0,0,0,0,0,0,1
부산은 항구가 있어서 관련산업 종사자가 정말 많네.,1,0,0,0,0,0,0,0,0,0
충청도가 괜히 멍청도가 아니다.,0,0,0,0,0,0,0,0,0,1
원래 충청도 사람들은 느리잖아. 그~랬~지~유~~~~~,0,0,0,0,0,0,0,0,0,1
아산으로 간 대가리큰 쪽바리새끼 xx,0,0,0,0,0,0,0,1,0,1
전라도인들은 원래 그렇게 열폭하고 빼액질하는게 취미인가요? 광주사태때부터 알아봤어야했는데 늦게 알아뵈서 죄송합니다,0,0,0,0,0,0,0,0,0,1
절라디언 놈들 태세 전환하는 거 보소 걔네들 통수 치는 게 일상이노 노무딱 절라디언 습성이노,0,0,0,0,0,0,0,0,0,1
믿고 거르는 전라도,0,0,0,0,0,0,0,0,0,1
와 미친 정신병자자새끼,0,0,0,0,0,1,0,0,0,0
남자분들에게도 잘 어울리는 귀걸이.,1,0,0,0,0,0,0,0,0,0
부산 사투리 쓰는 남자들은 억양이 너무 쎄서 다 무서운 말투 쓸 듯 ㅋㅋㅋㅋ 부산 사투리 쓰는 여자는 귀엽지 ㅋㅋㅋ,0,0,0,0,0,0,0,0,0,1
쪽빠리들보다 영어를 못하면 디져야 하지 안겟냐ㅎ,0,0,0,0,0,0,0,1,0,0
전라도 음식은 짜더라,0,0,0,0,0,0,0,0,0,1
어디서 홍어냄새 안나요? 홍어먹는 것들이 다 그렇지 뭐. 기대도 안했다.,0,0,0,0,0,0,0,0,0,1
집안일은 부부가 같이 해야 맞지 ! 여자 남자 일이 따로 없음,1,0,0,0,0,0,0,0,0,0
예전에 광주 가봤는데 좀 많이 낙후되있더라,0,0,0,0,0,0,0,0,0,1
"병신 같은 놈이 눈깔만 사팔인 줄 알았는데, 뇌에도 우동사리만 든 중증장애네.",0,0,1,0,0,0,0,0,0,0
요즘 유행하는 캡사이신 범벅된 음식들 극혐,1,0,0,0,0,0,0,0,0,0
경상도는 겸상도 안한다,0,0,0,0,0,0,0,0,0,1
채식주의자 동생이 고기를 좋아하는 나에게 자꾸 채식해보라고 권하고 고기좀 그만 먹으라 하는데 밥먹을때마다 부담스러워,1,0,0,0,0,0,0,0,0,0
그정도 나이먹었으면 이제 그만 나설때도 되지 않았나? 조선시대도 아니고 나이많다고 다 가르치려드네? 그만좀 해라.,0,0,0,0,0,0,1,0,0,0
서울 사람들은 다 깍쟁이 같아.,0,0,0,0,0,0,0,0,0,1
일찍 회사에 취업했는데 전문대졸이고 여자라는 이유로 진급도 늦고 차별받았지만 지금은 내 사업하면서 행복해요.,1,0,0,0,0,0,0,0,0,0
경상도 사람들은 무식하고 못배운 거를 고지식하다고 포장하는 듯.,0,0,0,0,0,0,0,0,0,1
살 빠진 것 보다 찐 게 나은 듯.,1,0,0,0,0,0,0,0,0,0
경상도 인간들 서울올라와서도 사투리 안고치는 똥고집 알아줘야됨,0,0,0,0,0,0,0,0,0,1
경상도 새끼들은 정권 자체를 주면 안된다,0,0,0,0,0,0,0,0,0,1
하여간 괜히 믿고거르는 쌍도남이라는 말이 있는게 아님 경상도 남자는 무조건 거르고 봐요 종특 어디안가더라구요,0,0,0,0,0,0,0,0,0,1
여자들은 참 꼼꼼해,0,0,0,1,0,0,0,0,0,0
우리 엄마가 전라도 사람은 믿지 말랬어 다 사기꾼이라고,0,0,0,0,0,0,0,0,0,1
회사 동기가 빠른 년생인데 자꾸 오빠라고 부르라고 함,1,0,0,0,0,0,0,0,0,0
학력보단 해당 분야에 대한 관심과 빠른 이해력이 더 중요한 것 같애.,1,0,0,0,0,0,0,0,0,0
인천은 뭐라하지? 그 양아치가 확실히 많은 거 같아. 거기가 공단이 많아서 거기서 돈 많이 벌게 된 졸부들이 많다던데 그 졸부들이 인성이 개 빻은 사람이 많대. 그 유명한 꼴통학교 운봉공고도 인천이잖아.  부평에도 양아치새끼들 존나 많다던데. 개인적으로 인천 살다가 다른 지역으로 이사왔는데 인천에 비해서 다들 순해보임,0,0,0,0,0,0,0,0,0,1
얼굴에 재생 테이프를 붙이고 계셔서 점을 빼신줄 알았어요,1,0,0,0,0,0,0,0,0,0
쌍도남들은 어딜가도 티가난다,0,0,0,0,0,0,0,0,0,1
전라도 놈들은 배신을 잘해,0,0,0,0,0,0,0,0,0,1
서울 아니면 다 지방인줄 알았음,0,0,0,0,0,0,0,0,0,1
"니그로들이나 모차렐라들이나 원숭이나 인종차별은 없을수가 없음.ㅇㅇ
그냥 다 처맞아야함.",0,0,0,0,0,0,0,1,0,0
서울 깍쟁이라는 말이 괜히 있는게 아니다.,0,0,0,0,0,0,0,0,0,1
외모는 사채학과 나온거같이 생겼네,0,0,1,0,0,0,0,0,0,0
얼마전 미국에서 아시아인 혐오범죄 일어났는데 이건 아니라고 봄,1,0,0,0,0,0,0,0,0,0
왤케 니혼징 같이 생겼냐..ㅋㅋ뭔가 얍삽하고 남 뒷담화 좋아할 거 같이.. 맘 속으로 졸라 까고 있겠지.. 뒷담화하는 사람은 절대 상대안한다는 신동엽 처럼 살아야지 니혼징 같이 살면 안돼,0,0,0,0,0,0,0,1,0,0
경상도 남자들은 가부장적이라서 인기 없는거야,0,0,0,0,0,0,0,0,0,1
"전라도 사람들은 성격이 이상하고, 뭔가 쎄한게 있음",0,0,0,0,0,0,0,0,0,1
쟤는 고졸이라서 이 일 못맡겨. 멍청하니까 고졸이겠지,0,0,1,0,0,0,0,0,0,0
여자가 무슨 이런 일을 해?,0,0,0,1,0,0,0,0,0,0
헐 너네 본가 신안이야? 그럼 너네 집에도 염전 노예 있음?,0,0,0,0,0,0,0,0,0,1
밥만 허겁지겁 먹길래 다른 반찬도 좀 먹으라고 했다,1,0,0,0,0,0,0,0,0,0
역시 거기 사는 사람들 수준 알만하다. 태생이 그래서 어쩔수 없음,0,0,0,0,0,0,0,0,0,1
아 중궈들 제발 자기네 나라로 돌아갔으면 더럽고 시끄러워,0,0,0,0,0,1,0,1,0,0
경상도년들 오빠야~ 이 지랄 하는 거 다 남자 꼬실려는 목적이다. 진심 토나옴.,0,0,0,0,0,0,0,0,0,1
서울에서 왔으면 사투리도 못 알아듣겠네. 사투리도 못 알아들으면서 무슨 대한민국 국민이라고 지랄염병을 처하고 짜빠졌다,0,0,0,0,0,0,0,0,0,1
"고기를 기르기 위한 사육 방식도 잔혹하고, 고기를 식탁에 올리기까지 환경 문제도 날이 갈수록 심각해지는데 그걸 생각하면 
진짜 육식하는 인간들은 다 죽는게 답임. 채식만 해도 충분히 사는데 지 배에 기름칠 하겠다고 그러는 거 보면 진짜 인간은 이기적인 존재야 ㅋㅋ",0,0,1,0,0,0,0,0,0,0
"경상도 새끼들은 입으로만 의리, 의리 떠들고 정작 하는 짓거리는 다 쓰레기지. 군대에서 경상도 후임들 관찰해보니까 그렇더라고.",0,0,0,0,0,0,0,0,0,1
하루종일 먹고있는 우리 딸 보면 그만먹어 란는 말을 안 할수 없다는...,1,0,0,0,0,0,0,0,0,0
서양인들은 대체적으로 키가 커,1,0,0,0,0,0,0,0,0,0
여자가 목소리가 크면 안되지,0,0,0,1,0,0,0,0,0,0
경상도쪽 사람은 무식하게 목소리만 크고 머리에 든게 없음,0,0,0,0,0,0,0,0,0,1
지잡대 출신들은 그냥 입 다물었으면 좋겠다.,0,0,1,0,0,1,0,0,0,0
"남편밥은 니가 직접 해줘야지, 남자들은 그걸 기대하고 결혼하는거 아냐?",0,0,0,1,0,0,0,0,0,0
내 동년배들은 경상도남 절대 안만남~,0,0,0,0,0,0,0,0,0,1
피부 까만 것들 맘속까지 까맣구만.,0,0,0,0,0,0,0,1,0,0
장애를 가진 사람에 대한 언어사용과 시선이 참 애매하면서도 어려워요 그쵸? 여러분은 어떻게 대처하시나요 이런상황,1,0,0,0,0,0,0,0,0,0
사투리가 약간 경상도랑 강원도가 섞인 느낌?,1,0,0,0,0,0,0,0,0,0
에이즈 보균자는 따로 마을을 만들어서 분리시켜라. 더러운 피를 우리에게 옮길 생각하지 말고!,0,0,1,0,0,0,0,0,0,0
가방끈 짧은 애들은 역시 못배운 티를 내요,0,0,1,0,0,0,0,0,0,0
쌍도남 믿고 거른다 진짜 한남 오브 한남,0,0,0,1,0,0,0,0,0,1
사람마다 다르긴 하겠지만 적어도 4년제 대학은 나와야 일머리가 있음.,0,0,1,0,0,0,0,0,0,0
그리 오래 회사일을 했으면서 아는것도 없네. 윗사람이 저러니 회사가 잘 돌아가나,0,0,0,0,0,0,0,0,0,0
븅신 이런것도 모르냐 이건 상식이야 새꺄,0,0,0,0,0,1,0,0,0,0
읽기도 전에 전라디언인줄 알았네,0,0,0,0,0,0,0,0,0,1
전라도 깽깽이 같은 놈들,0,0,0,0,0,0,0,0,0,1
저렇게 말귀 못알아들어먹는애들은 귀머거리냐?,0,0,0,0,0,1,0,0,0,0
전라디언들 통수 잘친다는데 너도 나 배신할거지? 전라도 피 어디가겠냐.,0,0,0,0,0,0,0,0,0,1
어릴 때는 사소한 것들도 신기하게 느껴져서 하루가 무척이나 길었어.,1,0,0,0,0,0,0,0,0,0
초졸인가?ㅋㅋㅋ,0,0,1,0,0,1,0,0,0,0
강원도 출신이면 감자랑 옥수수만 먹어본거 아님??? 아니면 강냉이만 먹어본거임??,0,0,0,0,0,0,0,0,0,1
요즘애들은 언어능력 딸려서 말도 잘 못하고 다 장애있다고 해도 되는거 아님?,0,0,1,0,0,0,1,0,0,0
학벌이 좋으면 머함 인성이 싹 그지인데,0,0,1,0,0,0,0,0,0,0
레즈나 게이는 정신병이야,0,0,0,0,1,0,0,0,0,0
부산은 깡패도시아닌가,0,0,0,0,0,0,0,0,0,1
아주 지랄났다. 어메이징 전라도네. 전라도는 왜 항상 이런식인건지 쯧쯧. 그 지역에서 안 태어난걸 감사히 여겨야지.,0,0,0,0,0,0,0,0,0,1
라도=뒷통수 인정?,0,0,0,0,0,0,0,0,0,1
이제 직장 8년차가 되니까 업무의 큰 틀이 보이기 시작하는거 같다.,1,0,0,0,0,0,0,0,0,0
한녀들이 경찰은 무슨 경찰 ? 집에서 애나 봐라,0,0,0,1,0,0,0,0,0,0
솔직히 서울빼고 수도권이라 해봤자 다 듣보 지역이잖아.. 뭐 그 밑으로 내려가면 말할것도 없고 ㅋㅋ,0,0,0,0,0,0,0,0,0,1
선거만 하면 경상도는  머 어느 한지역 뺴놓는거 없이 야당 똘똘 뭉쳐서 뽑아 되던데 그리 당하고도 정신을 못 챙기니 당선 되는 인간들 마다 하나같이 그모양 그꼴이지.,0,0,0,0,0,0,0,0,0,1
경상도 사람 몇번 만나봤는데 억양도 쎄고 말도 빠르시더라 같이 밥먹으러 가서도 빨리빨리 하시는 느낌?,0,0,0,0,0,0,0,0,0,1
홍어들 지역 특색 인가봐 다들 하는짓이  ㅉㅉ,0,0,0,0,0,0,0,0,0,1
야 잼민이는 그냥집에서 급식이나처먹고 발이나 닦고 잠이나 쳐자라.,0,0,0,0,0,0,1,0,0,0
너 옆동네에 있는 초등학교 나옴?,1,0,0,0,0,0,0,0,0,0
남자가 왜 저런 일을 해?,0,0,0,1,0,0,0,0,0,0
남녀 구분없이 일 잘하는 사람이 좋음,1,0,0,0,0,0,0,0,0,0
"우리엄마는 예전 서울사투리랄까? 옛서울말씨그 특유의 느낌 많이 나심.. 그르믄요, ~~가되그등요?이런겈ㅋㅋㅋ",1,0,0,0,0,0,0,0,0,0
홍어 새끼들 이번에도 꼭 문재인 뽑아라 대가리 깨져가지고 시발,0,0,0,0,0,0,0,0,0,1
군대도 안가면서 여자들은 뭐하냐,0,0,0,1,0,0,0,0,0,0
팬데믹 이후로 나만 찐 게 아니라 다들 평균 오키로씩 쩠다더라 덜덜,1,0,0,0,0,0,0,0,0,0
서울사람들은 이기적이고 개인주의가 심해.,0,0,0,0,0,0,0,0,0,1
서울 애들은 대가리에 우동사리만 들었나 같은 한국인데 왜 사투리를 못 알아듣고 ㅈㄹ,0,0,0,0,0,0,0,0,0,1
젓갈내 나는 전라도가 생각과 행동도 젓같네.,0,0,0,0,0,0,0,0,0,1
이번 황사의 주 요인은 몽골이라는 중국 언론의 보도는 신뢰가 가지 않는다. 원인을 다른 곳에서 찾으려 하기보다 주 요인을 파악하고 해결하려는 모습을 보이는 것이 최우선이다.,1,0,0,0,0,0,0,0,0,0
"경상도 애들은 사투리 못 고친다며, 서울에서 대학을 다녀도 못 고치는게 사투리라고 하던데. 경상도에서 올라온 애들은 사투리도 못 고치고 여기까지 대학을 온 이유도 없겠다~",0,0,0,0,0,0,0,0,0,1
지하철에서 남자들 쩍벌남 보는거 진짜 싫어,0,0,0,1,0,0,0,0,0,0
전라도 사람들은 평소에도 홍어냄새가 나.,0,0,0,0,0,0,0,0,0,1
사투리 진짜 듣기 싫네,0,0,0,0,0,0,0,0,0,1
어쩐지 걔 뭐 하는거 마다 꽉 막혀있더만 알고보니까 전라디언.,0,0,0,0,0,0,0,0,0,1
솔직히 중경외시 + 국공립대 아니면 취업이 많이 힘들긴하지,0,0,1,0,0,0,0,0,0,0
전라도 빨갱이들은 개노답,0,0,0,0,0,0,0,0,0,1
나 사랑님 두개 뽑았는데 세시간동안 솜 물고있어야 된대. 안그럼 지혈 안된대서 지금부터 벙어리삼룡이ㅠ,1,0,0,0,0,0,0,0,0,0
이래서 경상도 애들은 안된다는거다 일베의 기반이 경상도 아니냐 맨날 뭐뭐했노 거리고 다니는데 할 줄 아는게 없는 집단이다 진짜,0,0,0,0,0,0,0,0,0,1
삼성에서 진짜로 전라도 사람은 요직에 안뽑나?,0,0,0,0,0,0,0,0,0,1
"호남사람은 절대 채용하지 말고, 채용하더라도 높은 자리에 앉히지 마라",0,0,0,0,0,0,0,0,0,1
역시 뒤통수의 민족 전라디언이네,0,0,0,0,0,0,0,0,0,1
다음주 토요일 서울에서 퀴어축제를 한다고 합니다.,1,0,0,0,0,0,0,0,0,0
호주 옛날에 영국 죄수들 가둬놓는 수용소였음. 그니까 따지고 보면 호주놈들 다 범죄자의 후손임.,0,0,0,0,0,0,0,1,0,0
나랑 같이 전공에 관련된 자격증 공부하자!,1,0,0,0,0,0,0,0,0,0
난 문과를 졸업했지만 지금은 공대에 어울리는 일을 하고 있다.,1,0,0,0,0,0,0,0,0,0
경상도 사람들은 말투가 사나워서 무서워.,0,0,0,0,0,0,0,0,0,1
얘들아 한국이 헬조선이라고는 하지만 한국을 유토피아라고 생각하는 곳도 많아.,1,0,0,0,0,0,0,0,0,0
내 룸메이트 강원도 출신인데 같이 살면 감자는 배불리 먹겠지?ㅋㅋ,0,0,0,0,0,0,0,0,0,1
전라도사람들 보다 더한게 제주도 사람들이라 그랬음 어디 던져나도 지들끼리 똘똘 뭉쳐서 서로에 이익만 챙긴다고 했음.,0,0,0,0,0,0,0,0,0,1
전라도 빨갱이들은 생각이 없어,0,0,0,0,0,0,0,0,0,1
짱깨들 있는 곳은 죄다 시끄러움 더럽고,0,0,0,0,0,0,0,1,0,0
지난번 만났을때보다 통통해진거 같아,1,0,0,0,0,0,0,0,0,0
내가 너네 나이였을때는 말이야 라고 하는 꼰대 제일 극혐,0,0,0,0,0,0,1,0,0,0
하여간에 전라도 새끼들은 사람 통수를 늘 치니까 중요한 자리에 앉힐수가 없단 말이야. 애초에 사람을 뽑을때부터 전라도는 걸러라.,0,0,0,0,0,0,0,0,0,1
너 예전에 비염으로 고생하던거 괜찬아졋냐??,1,0,0,0,0,0,0,0,0,0
부산에서 운전해봤냐? 저세상 운전매너다 내가 한번 부산에서 운전했다가 학을 뗌 뭐 교통 법규라는게 없음 다시는 차 갖고 안가고 싶어,0,0,0,0,0,0,0,0,0,1
"여자가 애를 낳았음 들어가서 애나 키우고 살림이나 할 일이지. 뭘 얻어 먹겠다고 나와서 설치는지.
여자들이 그렇게 한자리씩 차지하고 앉았으니 가장이 되어야할 남자들이 들어가 일할 데가 없는거 아닙니까. 참 나... ",0,0,0,1,0,0,0,0,0,0
전라도는 왜 빨갱이가 많을까?,0,0,0,0,0,0,0,0,0,1
경상도 전라도 나눠서 싸우는 새끼들이 더 문제라고 생각된다 나눠서 뭐하냐 그냥 적당히 살면 되지 그럴 시간에 그냥 누워서 tv만 보겠다.,0,0,0,0,0,0,0,0,0,1
경상도 음식은 진짜 맛이없더라. 음식은 전라도가 짱이지,0,0,0,0,0,0,0,0,0,1
아 진짜 치매 걸린 것도 아니고 금붕어새끼마냥 지가 쓴 말도 기억을 못하노 ㅋㅋ,0,0,1,0,0,1,0,0,0,0
"그렇게 풀떼기나 씹어먹으니 꼴이 그꼴이지. 비리비리 해가지구....
소고기도 먹고 돼지고기도 먹고 그래야지 힘이나지. 
안 그렇습니까? ㅋㅋㅋㅋ",0,0,1,0,0,0,0,0,0,0
역시 고졸이야,0,0,1,0,0,0,0,0,0,0
"야~~ 생긴거 봐라. 비리비리 해가지구. 손 움직이는 거 봐. 
저거 빼박 게이 아니냐? ㅋㅋㅋㅋ",0,0,0,0,1,1,0,0,0,0
눈에 장애있니 ?? 애꾸눈이야??,0,0,0,0,0,1,0,0,0,0
"남자한테 한남, 여자한테 김치녀, 이런 말을 서로에게 해선 안됩니다. 혐오를 멈추세요.",1,0,0,0,0,0,0,0,0,0
아무래도 서울애들 말하는 건 좀 오글거려,0,0,0,0,0,0,0,0,0,1
전라도 빨갱이는 무시가 답,0,0,0,0,0,0,0,0,0,1
솔까 예체능 전공 요즘에나 좀 빨아주는 거지 원래 공부 못하는 날나리들이 대학 가려고 선택하는 거 아님??,0,0,1,0,0,0,0,0,0,0
충청도 사람들 은근히 비꼬면서 말 똑바로 안 하는 거 진짜 짜증남. 그러니까 멍청도 새끼들 음흉하다고 하지.,0,0,0,0,0,0,0,0,0,1
나이가 들면 너도 알게 될 거야.,1,0,0,0,0,0,0,0,0,0
경상도 사투리 극혐이다.,0,0,0,0,0,0,0,0,0,1
경상도 남자들은 가부장적이고 꼰대라서 별로야,0,0,0,0,0,0,0,0,0,1
인천사람들 다 깡패만 있는 건 아님.,0,0,0,0,0,0,0,0,0,1
고졸 도 문제 없습니다. 자기가 뭐라도 할 의지 있고  노력을 하면 요즘세상에선 성공합니다.,1,0,0,0,0,0,0,0,0,0
경상도 한남들이 그렇게 성매매 많이한다는게 실화? 집에서 배운게 가부장이라 결혼하면 손하나 까딱 안한대ㅋㅋ 결혼하면 여자는 거의 노예 아니냐,0,0,0,0,0,0,0,0,0,1
말도 또박또박 못하고 정신지체장애가?,0,0,1,0,0,0,0,0,0,0
경상도 사는 남자들 존나 가부장적임,0,0,0,0,0,0,0,0,0,1
병신은 병신처럼 살아야지,0,0,0,0,0,1,0,0,0,0
저 사람 서울사람이가? 자기가 사투리 못 알아듣고 급발진하노,0,0,0,0,0,0,0,0,0,1
경상도 종자들은 죄다 친일파 앞잡이,0,0,0,0,0,0,0,0,0,1
범죄 도시 안산 무서워서 어케 사냐 ㄷㄷ 난 10억 준대도 안 삼.,0,0,0,0,0,0,0,0,0,1
여자는 집에서 밥이나 하시고ㅎ 여자가 어디 감히 남자가 말하는데 의견을 내노ㅋ,0,0,0,1,0,0,0,0,0,0
그냥 조금 실수한 거 가지고 장애인이냐고 놀리는 것은 잘못된 거 아닌가? 난 그렇게 생각하는데 요즘 그런 말들이 많아서..,1,0,0,0,0,0,0,0,0,0
경상도 사람들은 억양이 너무 억세고 성질도 억세더라,0,0,0,0,0,0,0,0,0,1
경상도 사람들 말이야 너무 시끄럽고 매일 싸워!! 정말 매너없게 그렇게 큰소리로 말 안하면 자기말이 안먹힌다고 생각하나?? 뭐 그거 밖에 안되는 사람들인거지!,0,0,0,0,0,0,0,0,0,1
라면이 뭐가 좋다고 그렇게 먹어대?,1,0,0,0,0,0,0,0,0,0
충청도 출신 아니랄까봐 느려터져갖고 답답해 뒤짐..,0,0,0,0,0,0,0,0,0,1
경상도는 다 일베지 ㅋ,0,0,0,0,0,0,0,0,0,1
전라도 깽깽이,0,0,0,0,0,0,0,0,0,1
강원도에서는 아직도 버스탈때 감자 찍고 다니냐?,0,0,0,0,0,0,0,0,0,1
제니가 오늘 입은 의상 어디껀지 아시나요?,1,0,0,0,0,0,0,0,0,0
인종차별은 그 어떤 경우에서도 절대 허용 되어서 안된다.,1,0,0,0,0,0,0,0,0,0
전라도 홍어들 썩은내가 진동한다 수준들ㅉㅉ,0,0,0,0,0,0,0,0,0,1
전라도는 사기꾼들이많지.,0,0,0,0,0,0,0,0,0,1
절라도 축생들은 사람의 새끼가 아닙니다. 단한마리 남깂없이 모조리 박멸해야 하다,0,0,0,0,0,0,0,0,0,1
전라도는 하여간 싹수부터 노래,0,0,0,0,0,0,0,0,0,1
전라디언들을 피해의식 보소,0,0,0,0,0,0,0,0,0,1
요즘 뉴스보면 고위공직자들은 문제가 다 많은 듯,0,0,1,0,0,0,0,0,0,0
강원도 사람은 진짜로 버스 탈 때 감자 내고 타나요? 그럼 집에 감자 쌓아두고 사나요? 그리고 강원도 사람들도 사투리 쓰나요?,0,0,0,0,0,0,0,0,0,1
그래서 니가 풀때기만 처먹는다고 세상이 뭐 달라지냐? 대단한 동물보호가 납셨구만 납셨어,0,0,1,0,0,0,0,0,0,0
전라디언은 홍어나 처먹어,0,0,0,0,0,0,0,0,0,1
두상이나 얼굴형에 따라서 캡모자가 어울리지 않는 사람도 있다.,1,0,0,0,0,0,0,0,0,0
홍어새키들 또 발작하는거봐봐 ㅋㅋ 무슨 라도얘기만 나오면 저렇게 지랄발광들이냐 지역종특 어디 안가죠? ㅋㅋㅋㅋㅋ,0,0,0,0,0,0,0,0,0,1
"스트레스에는 무조건 매운닭발, 매운떡볶이가 국룰이지",1,0,0,0,0,0,0,0,0,0
쪽바리들은 자연재해가 더 와서 당해야된다,0,0,0,0,0,0,0,1,0,0
차라리 성형을 해라,0,0,0,0,0,1,0,0,0,0
김여사님 집에서 솥뚜껑 운전이나 하시지 밖에 나와서 지랄이셔요,0,0,0,1,0,0,0,0,0,0
사건의 가해자가 전라도라며? 아이고 전라도 홍어들이란,0,0,0,0,0,0,0,0,0,1
경상도분들은 화가 좀 많으신거 같어,0,0,0,0,0,0,0,0,0,1
신천지 랜드마크 대구 폐쇠했어야지~,0,0,0,0,0,0,0,0,0,1
야 생각해봐 네몸에는 풀때기만 먹어야 건강해지는거라니까?,0,0,1,0,0,0,0,0,0,0
역시나 경상도에서 온 사람이군,0,0,0,0,0,0,0,0,0,1
버스 운전하는 아줌마 차 타기 무섭다.,0,0,0,1,0,0,0,0,0,0
충청도에도 영화관이나 그런게 있음?,0,0,0,0,0,0,0,0,0,1
흑인중에서는 채드윅이 연기 제일 잘하지않냐.,1,0,0,0,0,0,0,0,0,0
어린 친구가 참 대단하다,1,0,0,0,0,0,0,0,0,0
아우 서울은 역시 사람이 너무 바글바글 해,0,0,0,0,0,0,0,0,0,1
부산 사투리와 억양이 꼭 싸움거는 것 같지 않냐? 그래서 기분나쁠 때 많아!,0,0,0,0,0,0,0,0,0,1
개고기먹는 인간들은 야만인 이야!,0,0,1,0,0,0,0,0,0,0
전라도 애들이랑은 겸상하지 말자 존나 홍어 냄새남,0,0,0,0,0,0,0,0,0,1
대학때 경상도 출신 언니가 말끝마다 그래여 했어여 이게 사투리인지는 모르겟는데 암튼 말끝마다 저래서 귀여웠어,1,0,0,0,0,0,0,0,0,0
개고기 먹는 미개한 사람들은 내 주위에 없었으면 극혐,0,0,1,0,0,0,0,0,0,0
맞춤법 좀 제발 ㅋㅋ 가방끈이 짧으면 티가 난다니까,0,0,1,0,0,1,0,0,0,0
여성스러운 남자는 게이라는 생각 너무 후져,0,0,0,0,1,0,0,0,0,0
문학적 감각이 뛰어난 사람들이 문학계열 학과를 전공하면 좋습니다,1,0,0,0,0,0,0,0,0,0
ㅇㅇ는 옷을 너무 야하게입는거 아니야? 남자들 많은 사무실에서 저렇게 입고 다니면 쟤만 처다보고 일는 열심히 하게 될까?,1,0,0,0,0,0,0,0,0,0
오늘따라 머리가 안돌아 가는 것 같다,1,0,0,0,0,0,0,0,0,0
솔직히 파인애플피자는 사람이 먹을만한게 아니지 않나? 그냥 먹으면 맛있는거를 궂이 피자 위에 올려야 해?,1,0,0,0,0,0,0,0,0,0
홍어들이 다 그렇지 전라도 것들 맨날 시끄러움,0,0,0,0,0,0,0,0,0,1
서울엔 높은 건물이 되게 많구나,1,0,0,0,0,0,0,0,0,0
전라도 출신이 음식을 잘하지,0,0,0,0,0,0,0,0,0,1
부산사람들 정 많더라,1,0,0,0,0,0,0,0,0,0
문과생들은 이해력이 딸려서 말해봐야 몰라,0,0,1,0,0,1,0,0,0,0
서울놈들은 서울 아니면 다 지방인 줄 암.,0,0,0,0,0,0,0,0,0,1
벌어올 능력도 없는게 결혼은 무슨.. 한남들은 걍 결혼하지 마라,0,0,0,1,0,0,0,0,0,0
젓가락질 완전 잘한다,1,0,0,0,0,0,0,0,0,0
중국인들 얼마나 바퀴벌레 같은데 ㅉㅉ,0,0,0,0,0,0,0,1,0,0
나이가 40을 넘었으면 집 한채는 있어야지,1,0,0,0,0,0,0,0,0,0
라떼는말야 라는 신조어가 생긴거 자체가 옛날에 갑질하던   꼰대 들때문이ㅑ. 왜냐? 그때처럼 지 맘데로 못하거든 그러니 예전에는 말야 이런 헛소리하면서 시간만 죽이는거지,0,0,0,0,0,0,1,0,0,0
제주도에 은근히 빨갱이가 많이 산다던데....,0,0,0,0,0,0,0,0,0,1
섬에 사는 사람들 다 음침하고 뭔가 범죄자같음,0,0,0,0,0,0,0,1,0,1
아 강원도에 장칼국수 먹으러 가고싶다,1,0,0,0,0,0,0,0,0,0
어릴때 교통사고 나서 하마터면 다리를 못쓸뻔했어 ㅜ,1,0,0,0,0,0,0,0,0,0
"사투리 안써서 경상돈지 몰랐지. 아어떻해. 알고나니 존나시러 
",0,0,0,0,0,0,0,0,0,1
하여간 경상도인들은 성질이 급하다니깐.,0,0,0,0,0,0,0,0,0,1
서울부심 자꾸 얘기하는데 민증 까라고 하면 그런 부심 부리는 애들 중 주민등록번호 뒷자리 두번째 0인 애들 하나도 없음. 그냥 시골 살다 상경해서 몇년 산 애들이 서울 사람인척 하는 거임.,0,0,0,0,0,0,0,0,0,1
비건한다는 사람들 다 건강 안좋을껄?,0,0,1,0,0,0,0,0,0,0
갱상도 남자는 믿고 거름;,0,0,0,0,0,0,0,0,0,1
전공도 아닌 새끼들이 존나 나대네,0,0,1,0,0,0,0,0,0,0
젓갈 많이 들어간 전라도 김치는 영~,0,0,0,0,0,0,0,0,0,1
나 정말 편견 없거든? 근데 오늘 지방에서 올라온 사람 만나니까 그런 생각 싹 다 사라지더라. 와 밑에서 올라와서 그런지 세상 물정 아무것도 모르고............ 교양이라는 게 없는 거 같음.,0,0,0,0,0,0,0,0,0,1
대학교를 나오지 않는다고 해서 네가 딸릴 이유는 없어. 대신에 너는 네가 하고싶은 일을 찾아서 즐기면서 살고있잖아. 배움은 나중에 해도돼 괜찮아.,1,0,0,0,0,0,0,0,0,0
서울 사람은 다 얼굴도 하얗고 잘생기고 이쁩니다,0,0,0,0,0,0,0,0,0,1
사람 너무 없더라 시골이라서 그럴지도,0,0,0,0,0,0,0,0,0,1
전라디언은 우리 전두환형님께서 싹 다 정리해주셔야했다 이거여,0,0,0,0,0,0,0,0,0,1
18살이 뭘 안다고 투표를 하냐?,0,0,0,0,0,0,1,0,0,0
전라도는 옛날부터 믿을 사람 하나 없다,0,0,0,0,0,0,0,0,0,1
서울에 비해 많이 낙후된 것 같아요. 지방에 살아보니 없는 것도 많고 불편하다고 느껴요.,0,0,0,0,0,0,0,0,0,1
중국은 어쩜 저렇게 뻔뻔할 수 있는지 모르겠어요,0,0,0,0,0,0,0,1,0,0
오늘 어떤 할머님 짐 들어 드렸는데 넘 뿌듯했어요,1,0,0,0,0,0,0,0,0,0
확실히 서울하고 경상도 사람은 차이가 있어요. 일하는데 드문드문 이상하다 싶으면 여지없이 경상도 사람이더라구요. 같이 일하고 싶지는 않아요,0,0,0,0,0,0,0,0,0,1
여자들도 싹 다 군대 다녀와야함 김치년들,0,0,0,1,0,0,0,0,0,0
경상도는 죄다 빨갱이,0,0,0,0,0,0,0,0,0,1
전라도를 잡아먹는놈은 경상도고 경상도 잡아먹는놈은 충청도. 그럼 충청도 잡아먹는놈은....?,0,0,0,0,0,0,0,0,0,1
한국인이 김치를 못먹으면 어떡해? 인생 헛살았네,0,0,1,0,0,0,0,0,0,0
경상도것들은 전라도 깽깽이들이랑 근본이 달라,0,0,0,0,0,0,0,0,0,1
시골에서만 살아서 이런 거 못 먹어봤을 것 같아서,0,0,0,0,0,0,0,0,0,1
아따 라도 슨상님은 역시 통수왕이랑께,0,0,0,0,0,0,0,0,0,1
백인은 하얗고 흑인은 까만데 백인이 하얗다는 건 문제가 안되고 흑인이 까맣다는 건 인종차별이 된다는게 아이러니,1,0,0,0,0,0,0,0,0,0
전라도 깽깽이들은 뭘 해도 전라도야,0,0,0,0,0,0,0,0,0,1
여자는 집에서 애나보지 왜 기어나오고 난리야,0,0,0,1,0,0,0,0,0,0
전라도 출신은 일단 믿고 걸러야됨 통수치는게 패시브라 이새끼들은 고위직 자리에 앉으면 안된다. 폭동을 일으키는 반동 분자들임,0,0,0,0,0,0,0,0,0,1
역시 전라도는 달라도 다르구만,0,0,0,0,0,0,0,0,0,1
쪽바리들 생긴거부터 불쾌함,0,0,0,0,0,0,0,1,0,0
시골촌놈이구만,0,0,0,0,0,0,0,0,0,1
전라도는 죄다 파랭이,0,0,0,0,0,0,0,0,0,1
전라도 사람들 좌파가 많다며?,0,0,0,0,0,0,0,0,0,1
대학을 안나와서 니가 그따구로 사는거야!,0,0,1,0,0,1,0,0,0,0
전라도에서 와서 그런지 홍어냄새 나,0,0,0,0,0,0,0,0,0,1
공대 학생들한테 공돌이라고 하는 것은 차별적인 발언일 수 있어,1,0,0,0,0,0,0,0,0,0
아 감자국에 지하철 안생기나 너무 불편하네,0,0,0,0,0,0,0,0,0,1
전라도 새끼들이 발목잡는거 때문에 대한민국이 나아가지를 못하네,0,0,0,0,0,0,0,0,0,1
어디서 홍어 냄새 안나냐? 전라디언 티내고 있네.,0,0,0,0,0,0,0,0,0,1
남자 새끼가 눈에 무슨 아이라인을 그렸냐? 너 게이냐? 남자면 남자답게 살아야지. 무슨 화장이냐? 더럽다. 더러워.,0,0,0,1,1,0,0,0,0,0
인종에 따라 고수의 맛이 다르다는 것은 익히 알려진 사실이다..,1,0,0,0,0,0,0,0,0,0
아무래도 어촌이나 섬지역은 배타성이 강하니까 외지인들이 오면 잘 못 어울릴 거 같아요.,0,0,0,0,0,0,0,0,0,1
여윽시 남자새끼들 집에 와서 아무것도 안하죠? 이래서 한남은 안된다는 거임.,0,0,0,1,0,0,0,0,0,0
라떼는 군대에서 폰쓰는건 생각도 못했는데,0,0,0,0,0,0,1,0,0,0
전라도라 쓰고 전라도라이라고 읽는다.,0,0,0,0,0,0,0,0,0,1
그새끼 입만 잘터는거 보니까 백퍼 전라도 사람이야,0,0,0,0,0,0,0,0,0,1
흑인들 몸에는 범죄자의 유전자가 있는듯,0,0,0,0,0,0,0,1,0,0
전라도 사람들 속으로 음침한겍 국룰,0,0,0,0,0,0,0,0,0,1
섬에 사는 사람들은 핸드폰 살 수 있나?,0,0,0,0,0,0,0,0,0,1
이 부분은 과장님이 저한테 가르쳐 주셨어요,1,0,0,0,0,0,0,0,0,0
장모님 고향이 전라도라 그런지 음식솜씨가 대단하세요,0,0,0,0,0,0,0,0,0,1
얘들아 경상도 남자는 남자들 중에서도 진짜 찐이다 ㅋ 제발 만나지 마라,0,0,0,0,0,0,0,0,0,1
한국사람들은 되게 예의가 바르다,1,0,0,0,0,0,0,0,0,0
갱상도 새끼들은 밥상에 있는 거 다 쓰까 먹는다매?ㅋㅋ,0,0,0,0,0,0,0,0,0,1
다산신도시는 왜 저러지 진짜..,0,0,0,0,0,0,0,0,0,1
경상도 애들은 허세만 개쩔고 실속은 없음,0,0,0,0,0,0,0,0,0,1
지방에는 높은 건물 있어?,0,0,0,0,0,0,0,0,0,1
하여간 지방 촌놈들은 꼭 티를 낸다니까,0,0,0,0,0,0,0,0,0,1
야 살찐건 그냥 빼면 돼.,1,0,0,0,0,0,0,0,0,0
수학을 잘하는 사람은 수학과를 진학하는게 좋습니다,1,0,0,0,0,0,0,0,0,0
전라도들은 항상 남을 잘 배신해,0,0,0,0,0,0,0,0,0,1
쪽바리 새끼들 특징이 그렇지 뭐,0,0,0,0,0,0,0,1,0,0
늙어서 무슨일을 한다고..,0,0,0,0,0,0,1,0,0,0
인도놈들은 진짜 카레먹을때나 재빠르지 아주 게을러 터졌다니까? 맞아야 일을 해,0,0,0,0,0,0,0,1,0,0
강원도 무지랭이들 같으니라고,0,0,0,0,0,0,0,0,0,1
어이구 전라도에서 오셨써요?,1,0,0,0,0,0,0,0,0,1
전라디언들은 역시 믿으면 안돼,0,0,0,0,0,0,0,0,0,1
내 친구 중국인이라 말할 때 시끄러워,0,0,0,0,0,0,0,1,0,0
아시아 사람들은 키도 작으니 그것도 작겠네,0,0,0,0,0,0,0,1,0,0
서울에 살다가 제주도에 가면 확실히 시야가 트임,0,0,0,0,0,0,0,0,0,1
주가 폭포수 흘러내린건 팀장 색기 고향이 혹시 전라도 광주냐?,0,0,0,0,0,0,0,0,0,1
지방일수록 유행이 더디오는거같음 서울에서 유행지났는데 아랫지방 가보면 뒤늦게 유행타는 경우 꾀나 봄,0,0,0,0,0,0,0,0,0,1
지잡이나 갈 바에는 차라리 기술이나 배우러 가겠다.,0,0,1,0,0,0,0,0,0,0
여자가 화장안하고 다니면 좀 그렇던데,0,0,0,1,0,0,0,0,0,0
악마의 섬 신안. 전라디언의 클라스를 보여주는 곳,0,0,0,0,0,0,0,0,0,1
전라도는 반찬 많이 주던데 서울은 인심이 없네요,0,0,0,0,0,0,0,0,0,1
ㅋㅋㅋㅋ쟤처럼 입에 밀어넣기만하면 소화기관은 머하러 달고다니냐 장식이냐,0,0,0,0,0,1,0,0,0,0
일본놈들은 이유없이 싫고 죽여버리고 싶어,0,0,0,0,0,0,0,1,0,0
원래 전라도가 음흉하기로는 소문난 고장이죠,0,0,0,0,0,0,0,0,0,1
홍어새끼들은 입만 열면 구라고 뒤돌면 통수치는 새끼들인데 사회에서 진짜 얼굴 찌푸려지는 거 참느라 개 힘듬 다 단체로 뒤졌음 좋겠다,0,0,0,0,0,0,0,0,0,1
님 전라도 사람임?,0,0,0,0,0,0,0,0,0,1
일본인들이 약간 속을알수 없는 성격인듯.,0,0,0,0,0,0,0,1,0,0
이제 회사에서 근무한지도 10년차가 되었고 과장으로 승진도 했으니 책임감을 좀더 가져야겠어,1,0,0,0,0,0,0,0,0,0
게이들은 저주받은 인생이다!,0,0,0,0,1,0,0,0,0,0
회 안먹고 고기 안먹는 사람들은 회식자리가 힘들겠어 진짜,1,0,0,0,0,0,0,0,0,0
저렇게 뚱뚱한년들은 성격도 개 더러울듯 저렇게 자기관리 안할꺼면 그냥 뒤지던가 도데체 뭐가 잘나서 자꼬 티비에 나오는지 모르겠음,0,0,1,1,0,1,0,0,0,0
남자가 이만한 일로 울면 곤란하지 안그래?,0,0,0,1,0,0,0,0,0,0
장애가 있는 사람들의 직업이 좀 더 많이 늘어났으면 좋겠다!,1,0,0,0,0,0,0,0,0,0
분당사는 애들은 꼭 성남이 아니라 분당산다고 그러더라? 아니 분당도 성남에 속한 곳인데 꼭 그렇게 차별해서 부르는듯.  근데 성남이 좀 많이 떨어지는 경향은 있지. 거기가 원래 판자촌 살던 사람들 강제이주 당해서 정착한 곳이라는데 그래서 아직도 성남쪽에는 조폭들도 있고 성매매도 활발하대. 그러니까 신도시인 분당 사는 애들이 구별해서 말하고싶어하는거 같기도하고,0,0,0,0,0,0,0,0,0,1
회 먹을때 초장에 찍어 먹는건 회를 무시하는거지~ ㅇㅇ씨 회 먹을 줄 몰라? 회는 무조건 와사비 간장이지 그렇게 먹을꺼면 먹지마,1,0,0,0,0,0,0,0,0,0
백인들 솔직히 백인이 아니라 홍인아닌가요?,0,0,0,0,0,0,0,1,0,0
경상도는 역시 깽깽이들이야 말도 못 알아 먹겠다,0,0,0,0,0,0,0,0,0,1
입맛만 고급져가지고 이런 서민 음식은 안먹네,1,0,0,0,0,0,0,0,0,0
외국사람들 특유의 냄새는 멀리서도 나긴하더라,0,0,0,0,0,0,0,1,0,0
장애인들은 보통 힘이 없지?,0,0,1,0,0,0,0,0,0,0
여자가 좀 여자답게 꾸미고 다녀야지. 화장도 좀 하고....,0,0,0,1,0,0,0,0,0,0
전라도 사투리 쓰면 나는 그냥 거르고 봄 ㅇㅇ이게 현명함,0,0,0,0,0,0,0,0,0,1
지역은 왜 언급하는거야?,1,0,0,0,0,0,0,0,0,0
경상도는 존나 한남들의 성지지,0,0,0,0,0,0,0,0,0,1
요즘에는 남녀 상관없이 집안일 나눠서해 그게 당연한거야,1,0,0,0,0,0,0,0,0,0
우리집 옆에 조선족이 하는 마라탕집 있는데 존맛임ㅋ,0,0,0,0,0,0,0,1,0,0
전라도가 전라도한게 무슨 잘못? 홍어를 먹고 자라서 그런지 전라도 인간들 옆에만 가도 홍어 냄새 오지구연~ 지리구연~,0,0,0,0,0,0,0,0,0,1
대졸자 이상만 입사할 수 있습니다,1,0,0,0,0,0,0,0,0,0
경상도 사투리는  왜 화나보이냐,0,0,0,0,0,0,0,0,0,1
아침 공복에 물을 마시는게 피부에 좋아요,1,0,0,0,0,0,0,0,0,0
머리 짧은 여자는 여자로써 매력있어?,1,0,0,0,0,0,0,0,0,0
믿고 거르는 전라도지... 통수 조심,0,0,0,0,0,0,0,0,0,1
"역시 일곱시 방향은 믿고거.... ㅋㅋㅋㅋ
무슨 범죄만 났다하면 그쪽이냐.",0,0,0,0,0,0,0,0,0,1
여행온 중국인들 보면 좀 시끄럽긴함.,0,0,0,0,0,0,0,1,0,0
범죄 기사보자마자 전라도인지 알았다. 역시네,0,0,0,0,0,0,0,0,0,1
아시안인은 서양사람들보단 몸이 작아,1,0,0,0,0,0,0,0,0,0
강원도 놈들은 산골에서 살아서 덧셈이나 제대로 할줄 알까?,0,0,0,0,0,0,0,0,0,1
깜둥이 새끼들이 여기와서 지랄이냐,0,0,0,0,0,0,0,1,0,0
충청도는 멍청도라고 하더니 그 말이 딱 맞네. 일 하는 거 보면 하는 짓이 딱 충청도 사람이네. 아휴 답답해.,0,0,0,0,0,0,0,0,0,1
전라도 것들은 상종하지 말아야할 예비 범죄자임. 빠른 손절이 답이다 혹여 만나도 아는 척하지 말아야 하고 ㅇㅋ?,0,0,0,0,0,0,0,0,0,1
서울에서 뒤통수 치고 사기치는 것들 99.99999% 전라디안~~,0,0,0,0,0,0,0,0,0,1
영남친구들 잘지내고 있냐? 전라디언이 뒤집는 순간이 온다. 울지말고 기달려라 낫으로 뚝배기 나누러 갈게 쌀포대로 맞을 준비해라,0,0,0,0,0,0,0,0,0,1
우리 팀장님은 너무 라떼 거려서 오늘은 라떼 한 잔 사드렸어,1,0,0,0,0,0,0,0,0,0
아 오늘 회사에서 다 대학교 이야기하는데 동기는 대학을 안 가서 대화에 참여 못하더라고. 미안했어.,1,0,0,0,0,0,0,0,0,0
배가  너무  많이  나오면  허리에 무리가  옴,1,0,0,0,0,0,0,0,0,0
경상도 사람들은 대체적으로 말할 때 억양이랑 톤이 강해서 경기도 출신 사람들은 말할 때 이해하기가 힘들더라고,0,0,0,0,0,0,0,0,0,1
김치도 못먹는 년들은 한국인이라고 하고 다니지 마라,0,0,0,1,0,0,0,1,0,0
네! 다음 일뽕에 취한 쪽바리~!,0,0,0,0,0,0,0,1,0,0
어려보이는데 담당자 맞으세요?,0,0,0,0,0,0,1,0,0,0
저 여자는 다리가 참 이쁘네,1,0,0,0,0,0,0,0,0,0
왜 연예인들은 다 정신병 장애인들이지?,0,0,1,0,0,1,0,0,0,0
그러니까 나이 많으면 은퇴해야 된다니까. 괜히 나와서 젊은 사람들 피해나 주고.,0,0,0,0,0,0,1,0,0,0
왜 전라도사람들은 특히 욕을 먹을까?,0,0,0,0,0,0,0,0,0,1
서울 깍쟁이처럼 너무 자기것만 챙긴다! 얄밉게시리.,0,0,0,0,0,0,0,0,0,1
뒷통수 치는건 전라도 종특임 유전적으로 그런듯 ㅋㅋ,0,0,0,0,0,0,0,0,0,1
니가 그러니까 그런 촌구석에 쳐박혀 사는거야. 이촌놈아!,0,0,0,0,0,0,0,0,0,1
ㅋㅋㅋ 머구 통구이새끼들 그렇게 당하고도 학습능력 없어서 또 국짐 뽑았죠?,0,0,0,0,0,0,0,0,0,1
전라도면 빨갱이 아닌가,0,0,0,0,0,0,0,0,0,1
말꼬리 잡고 늘어지는 전라도민들 클라스 보소 그러니 니네가 드세다고 욕 먹는거임,0,0,0,0,0,0,0,0,0,1
북유럽 사람들은 왜 이렇게 다 키가 크고 잘생긴거야.. 북유럽 가면 다 저런 사람들만 만날 수 있는거야? 일반 서유럽 사람들이랑은 도 다르네 ..북유럽 남자 만나고 싶다,1,0,0,0,0,0,0,0,0,0
라도 라도 하는 이유가 있다 통수 ㅎㄷㄷ해,0,0,0,0,0,0,0,0,0,1
좆도 모르는 전라도놈들이 일베 피해자 코스프레 하네,0,0,0,0,0,0,0,0,0,1
제주도는 집 하나당 귤나무 한개는 필수라던데?,0,0,0,0,0,0,0,0,0,1
나도 송해 아저씨처럼 아흔 넘어도 정정하면 좋겠다.,1,1,0,0,0,0,0,0,0,0
미계한 조센징 새끼들 dna가 미천한 종자들이라 열등의식에 찌들어살고 있는 새끼들 싹다 일본의 노예로 전락시켜야된다,0,0,0,0,0,1,0,1,0,0
전라도 사람의 말은 믿을 수 없다.,0,0,0,0,0,0,0,0,0,1
생얼이 훨씬 순하고 예뻐 보이지 않아? 피부도 좋고 하얀데 굳이 저렇게 두껍게 메이크업 할 필요 있을까?,1,0,0,0,0,0,0,0,0,0
그러니까 병신 소리 듣는 거야 이 병신아,0,0,0,0,0,1,0,0,0,0
미국인으로 태었으면 어땠을까 한국인으로 태어나서 차별이나 받고 ..,1,0,0,0,0,0,0,0,0,0
민주당 지지하는거 보면 전라도는 전라인민공화국 수준임.,0,0,1,0,0,0,0,0,0,1
전라도 깽깽이것들은 전부 디져야해,0,0,0,0,0,0,0,0,0,1
전라도 빨갱이들은 이래서 안돼,0,0,0,0,0,0,0,0,0,1
우리회사 상무 진짜 개틀딱. 중국집가서 나는 자장면 할 새끼,0,0,0,0,0,0,1,0,0,0
직장에서 일하면서 전문대졸이라고 대졸이랑 급여 차이가 커서 차별받았는데 프리랜서하니 대졸 부럽지 않게 수입이 들어와요.,1,0,0,0,0,0,0,0,0,0
지방에서 1등하면 뭐해 서울에 오면 등수에도 못드는데,0,0,0,0,0,0,0,0,0,1
어휴 고담대구 징글징글하다.,0,0,0,0,0,0,0,0,0,1
지난주에 해운대에서 놀다가 하마터면 서울기차 놓칠뻔함..부산 택시기사분들은 다 그럼?? 완전 날라댕기심 ㅋㅋㅋㅋ 다행히 서울 올라옴 기사아저씨 감사해요! ㅋㅋ,1,0,0,0,0,0,0,0,0,0
여자들은 너무 예민한 듯;,0,0,0,1,0,0,0,0,0,0
직업에 남자 여자가 어딨어,1,0,0,0,0,0,0,0,0,0
경남 밀양 놈들은 죄다 강간범으로 보면 되지 않을까?,0,0,0,0,0,0,0,0,0,1
"야. 우리 행보관, 짬밥 자랑하는 건지 지 말이 맞대요. 콘크리트충이 따로 없다니까.",0,1,0,0,0,0,0,0,0,0
전라도인 들은 다 머리에 뿔달리고 혀 갈라진 괴수들 아니냐?,0,0,0,0,0,0,0,0,0,1
어디서 암내 존나 나길래 알고보니 양키놈한테서 나는거였음. 바로 다른칸으로 옮김;;,0,0,0,0,0,1,0,1,0,0
잼민이들은 저리가라ㅋㅋㅋ 이상한 소리 지껄이지말고,0,0,0,0,0,0,1,0,0,0
근데 확실한건 비전공자들이 혼자서 아무리 열심히 했다고 해도 전공자들이 학교에서 배운 기초지식에 기반한 경험을 따라 갈 수 는 없음.,1,0,0,0,0,0,0,0,0,0
장애인들은 택시좀 타면 좋겠음 버스타고 출근할때 꼭 같이 타는 목발이 있거든? 가뜩이나 비좁은데 무슨 민폐인지 모르겠음 그냥 택시좀 타라 타,0,0,1,0,0,0,0,0,0,0
전라디언들아 홍어나 먹어라,0,0,0,0,0,0,0,0,0,1
채식주의자들 다 예민하던데 ㅎ,0,0,1,0,0,0,0,0,0,0
10대들은 모르는 추억의 노래,1,0,0,0,0,0,0,0,0,0
나이 먹은게 무슨 벼슬이냐? 꼰대새끼들 지랄하고 있어. 라떼는 말이야 시전하면서 아는 척 오지게 하는데 죽여버리고 싶네.,0,0,0,0,0,1,1,0,0,0
젓가락질 잘해야만 밥을 먹나요,1,0,0,0,0,0,0,0,0,0
야 너 이번에 라도 간다매 그쪽 지역갈때 여권 챙겨야 되는거 알고 있지?,0,0,0,0,0,0,0,0,0,1
부산 사람들 욕 맛깔나게 하던데. 눈깔로 젓갈을 담가버릴라이러면서,0,0,0,0,0,0,0,0,0,1
전라디언이 전라디언했네 역시가 역시,0,0,0,0,0,0,0,0,0,1
처음 부산갔을때 사람들이 싸우는줄 알고 움찔했다고 ㅋㅋㅋ 근데 그게 그냥 일반적인 억양인거라며? 귀에서 피나는줄 ㅋㅋㅋㅋ,0,0,0,0,0,0,0,0,0,1
중국인들 미국한테 핵 맞고 다 뒤졌으면 좋겠다. 인류에 도움이 안되는 새끼들임. 착한 짱개는 죽은 짱개뿐.,0,0,0,0,0,1,0,1,0,0
왜 발음이 이렇게 새는 거야? 일본사람이라더니 쯔쯔..,0,0,0,0,0,0,0,1,0,0
"문디들 정말.... 여기서 이러지 말고 짜져라 좀. 
누가 TK 아니랄까봐. ",0,0,0,0,0,1,0,0,0,1
전라도 벌교인가? 그 동네 애들은 거진 절반은 깡패라며?,0,0,0,0,0,0,0,0,0,1
깜둥이라서 역시 게을러,0,0,0,0,0,0,0,1,0,0
경상도 사람은 다 빨갱이 아님? 나는 그렇게 알고있는데 저 새끼도 경상도 출신이니까 빨갱이일듯,0,0,0,0,0,0,0,0,0,1
울산에 지하철없으면 울산사람들은 뭐 타고 다녀요?,0,0,0,0,0,0,0,0,0,1
대구 사람들은 원래 생각이란게 없음,0,0,0,0,0,0,0,0,0,1
저 식당 사장이 짱개라 위생 더러워,0,0,0,0,0,0,0,1,0,0
흑형들은 뭐 힘이 좋으니까 흑형들이랑 사귀는 한녀들 보면 ㅋㅋ 그것만 생각남 ㅋㅋ,0,0,0,0,0,0,0,1,0,0
대전사람들은 코로나 많이 걸리는 사람들이다 전부 잡아서 코로나 검사해야된다 우리나라가 대전사람들 때문에 힘들다,0,0,0,0,0,0,0,0,0,1
여자가 커피도 하나 맛있게 못타냐고 그러네.,1,0,0,0,0,0,0,0,0,0
전라도 애들은 근처에 가면 홍어냄새가 나.,0,0,0,0,0,0,0,0,0,1
전라디언이네,0,0,0,0,0,0,0,0,0,1
강호동 사투리사용하는거 너무 불편해,0,1,0,0,0,0,0,0,0,1
야채만 먹는 것들은 대체 얼마나 건강하게 오래살고 싶은거냐,0,0,1,0,0,0,0,0,0,0
부산새키들은 왤케 쎈척을하냐?,0,0,0,0,0,0,0,0,0,1
경상도 촌놈이 서울와가지고 출세했네,0,0,0,0,0,0,0,0,0,1
요즘 세상 진자 조아지지안음? ㅋㅋ 어디서 계집년들이 나와서 시위냐 시위는 ㅋㅋㅋㅋ 집에서 살림이나해 정신머리없는년들아,0,0,0,1,0,0,0,0,0,0
요즘 생물하는놈들 그게 과학이냐 달달 외워가지고 암기만 하는거.,0,0,1,0,0,0,0,0,0,0
병신짓거리 하고 있네 정신나갔으면 병원에나 가라,0,0,0,0,0,1,0,0,0,0
마라탕먹는 사람들 이해가 안됨? 그게 왜맛잇음? 돈주고 먹으래도 안먹음,0,0,0,0,0,0,0,0,0,0
전라도 극혐. 라도는 믿고 거른다. 그냥 라도는 상대를 해주면 안됨.,0,0,0,0,0,0,0,0,0,1
저는 떡볶이 수제비 뭐 그런 걸 하도 좋아해서 요즘 유행하는 저탄고지는 시도도 안해요.,1,0,0,0,0,0,0,0,0,0
빨갱이가 그득그득한 경상도,0,0,0,0,0,0,0,0,0,1
일베충들 썩다 꺼져라,0,0,1,0,0,0,0,0,0,0
저는 의예과에 꼭 진학하고 싶습니다,1,0,0,0,0,0,0,0,0,0
