문장,성소수자,인종국적,연령,지역,종교,기타혐오,악플욕설,clean,개인지칭,성별
땅값때문이다,0,0,0,0,0,0,0,1,0,0
호주 범죄자 후손 새끼들 주제에 고유한 문화 이지랄ㅋㅋㅋ,0,1,0,0,0,0,0,0,0,0
박근혜나 문제인이 대통령 된다고 당신 가정이 파탄날 일을 없습니다 하지만 된장녀가 당신 가정을 파탄낼 확률은 100%입니다 성 고재기,0,0,0,0,0,0,0,0,1,1
이관하면 니동네 경찰서에서 조사받는다,0,0,0,0,0,0,0,1,0,0
병신이네지네똥남아새끼들은가족끼리ㅅㅅ해서다문화아니라고우길듯,0,1,0,0,0,0,0,0,0,0
저기서 남자친구를 여자친구로 바꾸면 제동이 민주화당하겠지?,0,0,0,0,0,1,0,0,1,0
88년에 세례 받은 천주교 신자임. 세례명은 다니엘.교황 개새끼,0,0,0,0,1,0,0,0,1,0
종교에 미치는거보면 참...이해가안되..혼자조용히 기도드려도될텐데...80대라...더럽고 추잡한 노인네,0,0,0,0,1,0,0,0,0,0
오묘메 미친뇬들^^; 까벗겨도 뭐없는 뇬들이 꼭 즈지랄이야 미친 ㅋㅋ 박원순인 저게 뭐 대단한 축제라구 저걸 지지한대 말만 하지말구 퍼레이드 트럭이나 좀 바까바바봉고가 웬 지랄이야 증말 ^^;,1,0,0,0,0,0,0,0,1,0
뭔개소리냐 저새끼가 비록 개슬람이긴 하지만 잘못한게 없는데 경찰이 헛좆질한건 맞잖아,0,0,0,0,1,0,0,0,0,0
억~~~~~~~,0,0,0,0,0,0,0,1,0,0
대구에선 스포츠다 이기야 ㄷㄷ,0,0,0,1,0,0,0,0,0,0
동남아는 중국이랑 먼데도 95%화교가 쥐고있는데바로옆 대한민국은 짱깨놈들?? 엥?그거 요리사아니냐? 이수준밖에못됨박정희 녹림화랑 화교탄압정책은 ㅆㅅㅌㅊ다,0,1,0,0,0,0,0,0,1,0
중권아 주둥이만 털지말고 페미 공부 좀 해라.. 대가리가 굳어서 이제 안돼? 니 별로 논리적이지도 않으니까 까불지말고 존나 우매하고 추하거든? 혐오발언 하면 안된다고 하는 자식이 소추 성애자냐 이 586 메갈리스트 틀딱 새기야,0,0,1,0,0,0,0,0,1,1
경상도에서 문재인칭찬하면 얼굴에 침뱉는다,0,0,0,1,0,0,0,0,1,0
레알 동남아년들 혐오스럽다 이자스민때문에 더심해짐. 이자스민 만나면 당장 쌍욕할듯,0,1,0,0,0,0,0,0,1,1
변태는 성소수자가 아닙니다. 의상도착증 환자입니다.,1,0,0,0,0,0,0,0,0,0
건강한 예배 회복을 위해 함께 기도하겠습니다~,0,0,0,0,0,0,0,1,0,0
아 진짜 토나온다...,0,0,0,0,0,0,1,0,0,0
중요점 1 : 이나영 원빈은 스몰 웨딩을 했지 거지 웨딩은 안했다. 중요점 2 : 걔네는 돈 앵나 넘쳐나게 많다. 좆팔 한남충들아,0,0,0,0,0,0,0,0,1,1
다문화척결은 삼베 받으시오,0,1,0,0,0,0,0,0,0,0
왜 이자스민이냐아빠가 이씨여?이자스민 그만하고 필리피노 자스민 필자스민 합시다,0,1,0,0,0,0,0,0,1,0
남의나라와서 비난하노 이자스민 한국 국적이냐?,0,1,0,0,0,0,0,0,1,0
커여워 ㅋㅋㅋ,0,0,0,0,0,0,0,1,0,0
니가 문제다..,0,0,0,0,0,0,1,0,0,0
홍어가 경상도를 죽이고있다,0,0,0,1,0,0,0,0,0,0
다음정권은 무조건 가져 와야 한다저번 정권 광우뻥파동 으로 아무것도 못하고 그나마 레가께서 비정상의정상화를 부르짖으시며 자리가 잡혀가는데 다음정권 뺏길경우 도로아미타블 생각하기도 싫다,0,0,0,0,0,0,1,0,0,0
진짜 노짱 죽은거 맞어?,0,0,0,0,0,0,1,0,1,0
씹똥송 개자스민 지랄한다.,0,1,0,0,0,0,0,0,1,0
이재명을 뽑아 대한민국 시즌 1을 끝내야지대꺠문과 홍어 쥐새끼들을 모조리 뼈까지 뽀개 멸종시켜야시즌 2 시작 가능함,0,0,0,1,0,0,0,0,1,0
진짜 구라안치고 면상 여장안하고 걍 긴 생머리가발만씌워도 짤에나온년들보다 내가 더 보지같이 나오겠다,0,0,0,0,0,0,0,0,0,1
지랄하고있네. 사람이 죽이 맞으면 친한거지 ㅉㅉ누가 통베충 저장소 아니랄까봐. 일베에 호재 불러온 충청도아저씨 인기 급물살 타니까경상충청일체 분위기 조성하는거 보소 ㅉㅉ,0,0,0,1,0,0,0,0,0,0
어깨 보지대장답게 시원시원하게크고 늠름하노 상폐새끼들 욕하면서 오또캐오또캐 속으로 자들자들떨고잇놐ㅋㅋㅋ 어딜나와다니노자댕기새끼들아 집구석쳐들어가서 곰탕이나 고아서 쳐먹어라이니야,0,0,0,0,0,0,0,0,0,1
싫은 것도 공존하는거지,0,0,0,0,0,0,0,1,0,0
내가 이래사 갓조국으로 이민온거임. 이새끼들은 진짜 불합리한거보면 절대 가만히 안 놔둠. 특히 백인들 진짜 합리적이고 정의감 ㅆㅅㅌㅊ,0,1,0,0,0,0,0,0,1,0
프랑스 앰흑은 뭔가 지적이고 고급스러운느낌나는데나만그럼?예전부터 그런 인식이잇던데,0,1,0,0,0,0,0,0,0,1
자지들은 왜 본인들이 전세계적으로 못생긴걸 인지못하노 껄껄,0,0,0,0,0,0,0,0,0,1
문죄인 개좆같은데이건 맞는말 아니냐똥꼬충 개좆같은건 너도알고 나도아는데,1,0,0,0,0,0,0,0,1,0
회사에서 단체복으로 입을 수 있다. 항공기 여 승무원도 바지 입어도 되겠네! 별것을 가지고 뉴스라고 떠드네!,0,0,0,0,0,0,1,0,0,0
친절한 설명충 나와라라임 사건이 뭐냐?,0,0,0,0,0,0,0,1,0,0
몽골... 짱깨보다 더 미개하다. 핵노답,0,1,0,0,0,0,0,0,0,0
국민의당 - 동교동계 김머중 따까리 + 간철수 연합더민주 - 노뽕홍어,0,0,0,1,0,0,0,0,1,0
틀딱새끼들 부들부들ㅋㅋ,0,0,1,0,0,0,0,0,0,0
"정상교회라고.하는대한민국의 대표교회 부목사가 이단이라고하는. 교주의형장래식장에. 왜 문상 을  하는지. ,, ..",0,0,0,0,1,0,0,0,0,0
겉만보고 속모르는자들 입에서 나오는말만믿고 떠드는 언론이 한심하다.먹고사는게 힘든데 광주유공자들은 연금으로 호의호식하네!,0,0,0,1,0,0,0,0,0,0
여자수가 남자수보다 훨씬적은데 결혼을못했다곸ㅋㅋ 얼마나 파오후면ㅋㅋ,0,0,0,0,0,0,0,0,0,1
오늘도 베리나 목소리들으면서 자야지 얼굴은 싫어 멈춰,0,0,0,0,0,0,1,0,1,0
"전 세계적으로 감소추세인 에이즈가 왜 유독 대한민국 청소년들에겐 급성장 추세일까요? 제대로 된 사실만 알려줘도 동성간 성행동에 노출되는 일을 막을수 있을겁니다. 인권이란 말로 방종 부추기지 말고, 제대로 교육좀 합시다.",1,0,0,0,0,0,0,0,0,0
음주는했지만 음주운전은안했다,0,0,0,0,0,0,0,1,0,0
앱친 소추새끼가 쪼그라든부랄마냥 저딴거나보노,0,0,0,0,0,0,0,0,0,1
부산에선 이미 박근혜 손절함 틀니들도 박근혜 빠는 새끼는 사람취급도 안하더라ㅋㅋㅋㅋㅋ,0,0,1,0,0,0,0,0,1,0
전라도는 한국인이 아니다짱깨보다 더 악질인 새끼들임어디서 튀어나온 새끼들인건지 지역DNA문제인지 아니면 그지역 문화문제인지연구대상임,0,1,0,0,0,0,0,0,0,0
한국패미=고유정 수준 ㅋㅋㅋ,0,0,0,0,0,0,0,0,1,1
아시발ㅋㅋㅋㅋㅋㅋㅋㅋㅋㅋㅋㅋㅋㅋㅋㅋㅋㅋㅋㅋㅋㅋㅋㅋㅋㅋㅋㅋㅋㅋㅋㅋㅋㅋㅋㅋㅋㅋㅋㅋ,0,0,0,0,0,0,1,0,0,0
살만빼면 결혼도하고 하겠구만 여자오지헌 옥동자급이라도되나...대가리에 기생충이 기어들어갔나...믄 씹소리만 해대는거고,0,0,0,0,0,0,1,0,1,0
근데 일단 김치녀는 좀 가릴 필요가 있다,0,0,0,0,0,0,0,0,0,1
이와중에 기다렸다는듯이 튀어나오는 홍어들보소 ㅋㅋ,0,0,0,1,0,0,0,0,0,0
나 뒷부분이었는데 문재앙 사형도 외쳤었노,0,0,0,0,0,0,1,0,1,0
이혜인 기자님~~~ 왜...??? 남자와 여자 사이를 이간질 하나요 ??? 아름답다는 표현이 차별이란게 맞나요?? 제발 상식적인 생각을 하세요..이것이야 말로 역차별아닌가 ㅠㅠㅠ,0,0,0,0,0,0,1,0,1,0
"이런..., 이놈에 교회들 이럴줄 알앗다...  저놈에 교회 교인들.., 신천지 보다 더 많은데... 주변은 대단위 아파트 단지들이고...",0,0,0,0,1,0,0,0,0,0
두번째 사진 노무현 꼴리노ㅋㅋㅋ 손 제스처보고 흑좆나 웃었다 이니야 착한 자집애는 재기한 자집애들밖에 없노,0,0,0,0,0,0,0,0,1,1
불매동참... 아쉽다 카스! 너만 마셨는데..ㅠㅠ,0,0,0,0,0,0,0,1,0,0
진짜 ㄹㅇ 레이디무현 좋은 사례임여자가 정권 잡으면 망한다는 사례 ㅋㅋㅋㅋㅋㅋㅋㅋㅋㅋ ㄹㅇ박근혜 한명으로 차기 여성 대통령 후보감 단체 운지행 ㅋㅋㅋㅋㅋㅋㅋㅋㅋㅋㅋㅋㅋㅋㅋㅋㅋㅋㅋ,0,0,0,0,0,0,0,0,1,1
죽기전에 꼬추 보여주고 가,0,0,0,0,0,0,0,0,0,1
박근혜 석방하기 vs 박근혜랑 뜨거운 하룻밤틀딱들 고추서면 닥후골랐음,0,0,1,0,0,0,0,0,1,0
예수쟁이들! 이번기회에 전부 코로나로 뒤져라!! 예수쟁이들은 절대 치료해주지말아라 우선적으로 목사부터 살처분하자,0,0,0,0,1,0,0,0,0,0
천조국같았으면 바로 총알받이이넫 아숩 ㅋㅋㅋㅋㅋㅋㅋㅋㅋㅋㅋㅋㅋ무슬림시발세키덜,0,0,0,0,1,0,0,0,1,0
무고죄가 더 악질이지서로합의하에 해놓고 남자인생 파탄시킴,0,0,0,0,0,0,0,0,0,1
도대체 무슨 겉멋이 들어서 다문화 우대 개지랄들을 하는지 모르겠다 특히 십짱개새끼들은 한국국적을 따도 절대로 자기 조국으로 인정안함 이용만 해먹지,0,1,0,0,0,0,0,0,1,0
주식부자 이재명도 전라도 기업 주식은 하나도 없더라,0,0,0,1,0,0,0,0,1,0
"병신같은 소리임 ㅋㅋㅋ 역사학자도 아니고 사이비 역사 강의 듣고 혹 하는 너도 병신.왕조가 길다는 건, 역설적으로 체제가 안정됐다는 이야기고,외부 영향과 오히려 모순임.독재 끝이 안좋은 건 역사가 증명하고,중국도 북한도 뒤질 일만 남았음",0,0,0,0,0,0,1,0,0,0
역시 (주) 개독 !!!! 전도사가 청화대 차량으로 돌진 !!!! 이옴들은 단체로 미친 정신병자들!!!!!,0,0,0,0,1,1,0,0,0,0
지들이 선택한거임 ㄷ,0,0,0,0,0,0,0,1,0,0
옥주할매 보지에 불나서 쉰다는 글 생각나네우웩,0,0,0,0,0,0,0,0,0,1
세상에... 제정신이 아니다. 트윗에서 혼잣말이라면 몰라두 공중파라됴에서요? 저런걸로 호남지지율이 확 빠진다? 이정렬이 호남분들을 욕보이는구만 방심위에서 주의받아도 반성이 없네.,0,0,0,0,0,0,1,0,1,0
쇼타사진 같은거에다가 시체사진에 당연한거지,0,0,0,0,0,0,1,0,0,0
신고도 한남한테 하겠지? 병신년들,0,0,0,0,0,0,0,0,0,1
하나 더 첨언하자면 좃족은 좃족끼리도 서로 못믿음ㅋ 좃족 사장이 직원구하면 한국말 유창한 좃족보다 한국말이 좀 서툰 한족을 구하는게 더 빈번함. 왜? 지네들도 알거든. 뭐하면 바로 뒷통수치고 나갈애들이 좃족이라는 걸,0,1,0,0,0,0,0,0,0,0
똥) 똥꼬충으로서 박원순 착한 서울시장 인정한다,1,0,0,0,0,0,0,0,1,0
피해주장인에 대한 관심은 전혀 없다 김재련은 이번사태에 대한 피해증거를 제시할 때가 왔다 말만하면 이차가해인가 김재련은 응답해야 할때가 왔다 코로나로 고통분담에 힘겨운 시민들에게 그분의 부재는 그래서 더 아프다,0,0,0,0,0,0,1,0,1,0
잠지새끼들 지들 좆같은 망상이란 망상은 다 하고 다니노 오징어한테 먹이준다고 해도 안 먹는게 잠지노,0,0,0,0,0,0,0,0,1,1
아오 이자스민년때문에 암걸리겠다,0,1,0,0,0,0,0,0,1,0
송파옆에 위례인지 동탄인지 씹창난 맘충 도시 아니냐?ㅋㅋ ㄹㅇ 송파가?강남 집값이 50퍼 올라도 재앙이 씹기 바쁜데,0,0,0,1,0,0,0,0,1,1
외국인들에게 퍼주는 수준=무현머중정부시절 정일이한테 무료로 쌀퍼주고 돈퍼줬던 수준,0,1,0,0,0,0,0,0,1,0
홍통일체 개쌍도 새끼들 부심좀 부리지마라 좆같은 빨갱이새끼들아 ㅉㅉㅉ노무현 문재인 개쌍도^^,0,0,0,1,0,0,0,0,1,0
부들부들 부들부들~~ 왜구들이~ 부들부들 속에서 천불이나네~~ 부드ㄹ부~드~ㄹ 문통이 일만하면 부들부들~~ㅋㅋ~ 문통이 국민위해 일잘하면 부들부들*2= 개부들부들ㅋㅋㅋㅋㅋㅋㅋㅋㅋㅋ,0,1,0,0,0,0,0,0,1,0
기안내나노 ㅋ,0,0,0,0,0,0,1,0,1,0
와 진째 개독들 ㅂㅣ융 신이네 저런새기가 목사라니 비슷한 범죄가 생각보다 많아서 자녀 교회에 보내겠나ㅡㅡ,0,0,0,0,1,0,0,0,0,0
갓조국 미투운동 응원합니다 충성충성^^7 한녀는 제외,0,0,0,0,0,0,0,0,1,1
"생리충, 여자찌개, 피싸개",0,0,0,0,0,0,0,0,0,1
살인마 오원춘도 조선족.. 느그 조선족이 여기서 벌이는짓들 알면 혀를 내두를거다ㅉㅉ 조선족은 추방이 답!,0,1,0,0,0,0,0,0,1,0
근대 7시는 전두환각하가 미워서 그러는거냐? 아니면 진심으로 머중이를 존경하는거냐?존나 궁금함,0,0,0,1,0,0,0,0,1,0
앰창vs 앰창의 대결이노,0,0,0,0,0,0,1,0,0,0
이낙연 너무 느끼하노,0,0,0,0,0,0,1,0,1,0
뭐래노 씹창년이개독교는 원래부터깟어이명박이 개독 쉴드췰때도 안깐줄암?니들이 믿고 하는짓이 그냥 한무당새끼나 다를게 없으니까는거지 별다른이유가있는게아님 ㅋㅋ,0,0,0,0,1,0,0,0,1,0
뿡탄소추단 빌보드 웅앵웅 하면서 6군면제해줘야하는거아니냐!?9 하는거랑 노무현 다르다 이기야. 여자 업적은 다 지우는 쀼젤.,0,0,0,0,0,0,0,0,1,1
"와 이제야 쌍도 새끼들 진심을 알았다 쌍도 까면 홍어로 몰아가는게 컨셉이 아니라 ㄹㅇ이었구나 니네가 홍어새끼들하고 다를게 뭐냐또 네다홍 지랄할까봐 적눈다 김대중,노무현,이석기,마오쩌뚱 개씨발새끼",0,0,0,1,0,0,0,0,1,0
페미니스트와 페미니즘이 세상의 실체가 아니다. 책을 읽을려면 여뤄권을 읽어 환자들아,0,0,0,0,0,0,0,0,0,1
한남이 또 번번이 패버렸죠?죠죠죠,0,0,0,0,0,0,0,0,0,1
극단주의 이슬람은 진정한 이슬람이 아니고 극단주의 크리스천도 크리스천이 아니고 극단적인 종교인들은 자기 종교를 이해하고 진정으로 믿는 자들이 아닙니다.,0,0,0,0,0,0,0,1,0,0
근데 문제는 한국은 보수고 진보고 다 다문화를 원하니 문제다가장 큰 이유는 기업들이 싼 임금 원해서 그렇지만,0,1,0,0,0,0,0,0,0,0
저거 보지들임,0,0,0,0,0,0,0,0,0,1
미친년은 정상적인 여자가 까야 됨여명숙 누나 좋아하는 eu,0,0,0,0,0,0,0,0,1,1
성고재기 후장에 철근 박혔다는거 드립인 줄 알았노,0,0,0,0,0,0,1,0,1,0
"뚱뚱한 나의여자친구 살좀빼랬더니 갈수록 가슴살만 빠지고 이러면 안되겠다 싶어 다시먹였더니 그나마 없었던 배만 나오더랍니다. COOL, 칼로리",0,0,0,0,0,0,0,0,0,1
타크비르 왜쳐라 타크비르,0,0,0,0,0,0,0,1,0,0
개누리당=다문화당. 이자스민 때문에 개누리당뿐만아니라 이 나라는 다망한당,0,1,0,0,0,0,0,0,1,0
저 짱틀딱 버킷리스트가 아줌마 보지 만져보고 디지는거란다 게이들이 이해는 무슨 둘다 죠패야지,0,0,1,0,0,0,0,0,0,0
ㅋㅋㅋㅋ 자지들아 생각을 해봐라. 쟤가 해외에서 잘 나갈 비주얼 이었으면 다니엘 헤니마냥 좆국이 아니라 미국이든 캐나다든 어디든 가서 활동 했겠지 ㅋㅋㅋ 어차피 줄리엔강인가 뭔가하는 애 발톱 때만큼도 안되는 한남 새끼들이 부랄 떨고있노 ㅋㅋ,0,0,0,0,0,0,0,0,1,1
카톨릭이 요즘 병신짓만 많이 해서 별 의미 없다.대한민국의 사제단이라는 새끼들은 정은이하고 재앙이 빠느라고 정신없고...개슬람새끼들은 현상금 걸어서 마호멧씹새끼 모욕했다고 암살까지하는데...카톨릭은 헌금한 돈 다 어디 썼냐...,0,0,0,0,1,0,0,0,1,0
게이들 진짜 음지에서 지들끼리 놀면 좋겠다부끄러운줄 알아야지,1,0,0,0,0,0,0,0,0,0
교회는 이번에 해체하고 천주교를 다니던가 불교를 다녀라!! 법을 뜯어 고쳐서 강제로 개신교를 해체 해야합니다 정상인이 없어 전광훈 빤스 목사부터 시작해서 올 비정상인!!,0,0,0,0,1,0,0,0,1,0
문재앙 병신은 자국에서 위험하다고 원자력 없애고 있는데 정작 짱깨가 사고 치면 방사능에 좆되버림 문병신새끼,0,1,0,0,0,0,0,0,1,0
아이디 옆에 실명뿐 아니라 국적까지 달아야 할 판이네...,0,0,0,0,0,0,0,1,0,0
아크용접 연습많이해라 이기!그리고 여기 이래해라 저래해라 훈수충논많은데여러가지해보고 너가편한거해라!,0,0,0,0,0,0,0,1,0,0
다문화가 노무현급이노 ;;;;사스가 레이디무현,0,1,0,0,0,0,0,0,1,0
나대는게 이순자 와 쌍벽,0,0,0,0,0,0,1,0,1,0
으 발암물질들,0,0,0,0,0,0,1,0,0,0
중국공산주의 속국에서 벗어나야됩니다 나라 말아먹고있는 간첩 문죄인을 추방하여 자유대한민국을 바로 세웁시다!,0,1,0,0,0,0,0,0,1,0
프랑스에서 무슬림들이 선거권이 있거든ㅋㅋㅋㅋ프랑스 똘레랑스 새끼들이야 이놈도 뽑고 저놈도 뽑는데무슬림 새끼들은 홍어새끼들 처럼 우덜 개슬람만 뽑는당께?법과 여론이 누구를 위해 움직이겠냨ㅋㅋㅋㅋㅋㅋ역사는 돌고 도는것 처럼이젠 히브리 새끼들이 유럽 한번더 먹는거지 뭨ㅋㅋㅋ,0,1,0,0,1,0,0,0,0,0
킴 카다시안 이 씨발년 하는짓은 페미 앞잽이같이생겼는데 아니였냐?,0,0,0,0,0,0,0,0,1,1
미친 씨발 서울에 무슬림 기도실이 있다는게 미친거 아니냐?? 원숭이 개새끼야!!! 개독이나 땡중들 기도실은 만들어줬냐 이 씨발새끼야,0,0,0,0,1,0,0,0,0,0
시선강간 못잃어~~~애잔ㅛ쳐다라도 보겠다는 의지.그의지로 니 와꾸 노오력좀 해라이기야노,0,0,0,0,0,0,0,0,0,1
이자스민 뭐하는 가시나고 아 놔;;,0,1,0,0,0,0,0,0,1,1
ㅋㅋㅋ 김신영도 대구출신이노,0,0,0,1,0,0,0,0,1,0
게임도 예방과 치료가 필요한 중독 맞는데 뭐가 문제??,0,0,0,0,0,0,0,1,0,0
성현아랑 지나 말고 또 있었음? 그러고보면 지나는 1번에 5천이었다는데 지금샌각해보면 혜자였네,0,0,0,0,0,0,0,0,1,1
신사동호랭이 음악 다신못하게 프젝 ㄱ ㄱ,0,0,0,0,0,0,1,0,1,0
저스틴비버 좋아하는 남자 한 명도 못봄,0,0,0,0,0,0,1,0,1,0
ㅋㅋㅋㅋㅋㅋㅋㅋㅋㅋㅋㅋㅋㅋㅋㅋㅋㅋㅋㅋㅋㅋㅋㅋㅋㅋㅋㅋㅋㅋㅋㅋㅋㅋㅋㅋㅋㅋㅋㅋㅋㅋㅋㅋㅋㅋㅋㅋㅋㅋㅋㅋㅋㅋㅋㅋㅋㅋㅋㅋㅋㅋㅋㅋㅋㅋㅋㅋㅋㅋㅋㅋㅋㅋㅋㅋㅋㅋㅋㅋㅋㅋㅋㅋㅋㅋㅋㅋㅋㅋㅋㅋㅋㅋㅋㅋㅋㅋㅋㅋㅋㅋㅋㅋㅋ으리!,0,0,0,0,0,0,0,1,0,0
"개씨발 홍어새끼 ""그러지 않아요?""하는데 슨상인줄 알았다",0,0,0,1,0,0,0,0,1,0
군대나 가라 창년들,0,0,0,0,0,0,0,0,0,1
고상무? 대장암 걸려서 한강에서 재기한놈 아니노,0,0,0,0,0,0,0,0,1,1
21세기 맞냐,0,0,0,0,0,0,0,1,0,0
"난 14살때부터 정치 관심 있었는데, 애초에 난 책을 제대로 읽기 시작한 때부터 신자유주의자였음.이명박, 박근혜, 노무현, 김대중, 문재인의 비리, 과거 같은 거 전혀 관심 없음그냥 이새끼들 방향성만 본다",0,0,0,0,0,0,1,0,1,0
이런걸 말꼬리 잡는 꼴페미들 해병대 보내자.,0,0,0,0,0,0,0,0,0,1
홍어새끼들이 일베 장악했네탈북자들이 새민련 욕하고 노무현 김대중 얼마나 싫어한다.이새끼들이 단체로 약빨았나어디서 탈북자들을 욕해,0,1,0,0,0,0,0,0,1,0
아ㅏㅏㅏㅏㅏㅏㅏㅏㅏㅏㅏㅏㅏㅏㅏㅏㅏㅏㅏㅏㅏㅏㅏㅏㅏㅏㅏㅏㅏ씨발 진짜 씹자스민 길가다가 좆1선족한테 칼빵맞고 인육캡슐이나 됐음 좋겟다 개씨발련,0,1,0,0,0,0,0,0,1,0
그럼 좀 돌아가 개새기들아 ㅠㅠㅠ,0,0,0,0,0,0,1,0,0,0
닭년따리 닭년따~,0,0,0,0,0,0,0,0,1,1
그 불쌍하다가 진짜 불쌍하다는 의미겠냐 재앙이까려고 그러는거지,0,0,0,0,0,0,1,0,1,0
짱깨새끼들 이번엔 성화봉송때처럼 집단폭행 안하냐?,0,1,0,0,0,0,0,0,0,0
조권 존나 역겹긴 한데.. 근데 저런거 밀어준다고 게이 아닌사람이 게이가 되냐?,1,0,0,0,0,0,0,0,1,0
성적 학대는 씨발 좆대가리 철조망 통과 시켰노 저 나이 때는 안 빼고 3회 사정 가능한데 그게 학대냐,0,0,1,0,0,0,0,0,0,1
"맞는 말인데...무슨 !! 여자는 나이들면 끝이야!! 과학적으로 입증되는데 돈만 많이 들고, 그냥 어린 여자 델꼬 살아!!",0,0,0,0,0,0,0,0,0,1
교회가 이나라에 웬수야 나라망하라고 모여서 기도 했나보네 목사나 신자나 다 빨갱이라는,0,0,0,0,1,0,0,0,0,0
창놈 후전깨하고싶노 유충꺼내고 멕여야긋노,0,0,0,0,0,0,0,0,0,1
나는 애초에 보지루~ 노지루~(노무현보지하이루~) 썼는데,0,0,0,0,0,0,1,0,1,0
자꾸 니들 개독 개독 거리는데 기독교에 보수많아서기독교표 무시 못한다 이명박도 교회 장로라서 어느정도 기독교표가 동원되었음,0,0,0,0,1,0,0,0,1,0
저렇게 생긴 남자애들이 저런말을 많이 해야되노 ㅋㅋㅋ 남혐풀충ㅋ,0,0,0,0,0,0,0,0,0,1
보겸이랑 똑같이 생겨서 허벌후장인거 다 알겠노.,0,0,0,0,0,0,0,0,1,1
야쿠르트 미소녀 Σ(･ω･),0,0,0,0,0,0,0,1,0,0
모든 것은 짱개의 개 흑진핑이 자초.,0,1,0,0,0,0,0,0,1,0
저다음에 분명히 귀싸대기쳐맞음,0,0,0,0,0,0,1,0,0,0
아재 한 명은악수하면서 자스민 골반 쳐다보고 있고다른 한 명은 가슴골 있나 찾아보고 있는데...,0,0,0,0,0,0,0,0,1,1
응 네깟 쓰레기년 안받아줌 ;; 문재인 만세 외치고 전라도로 가시던가요,0,0,0,1,0,0,0,0,1,0
구수한 즌라도 사투리덕분에 채널 돌림,0,0,0,1,0,0,0,0,0,0
"좌좀들은 김일성, 김대중을 섬긴다는 것 빼고는 개독이랑 똑같다.",0,0,0,0,1,1,0,0,1,0
똥양남 혼자나 똥양남들끼리는 돈 아무리 내도 클럽 입장도 안 됨. 보지 데려가야 입장 됨 ㅋㅋ,0,1,0,0,0,0,0,0,0,1
1번 기억폭행 팩트폭력 후팔 전영진 후장찢고 부랄터져 뒤져,0,0,0,0,0,0,0,0,1,1
진짜 사람한테 저정도로 혐오감이 드는건 김치년들이 처음임 아 애초에 김치년들은 사람도 아니구나,0,0,0,0,0,0,0,0,0,1
이자스민 날이 갈수록 피부가 하얘지노국적 세탁중 ㅋㅋㅋ,0,1,0,0,0,0,0,0,1,0
재명아 넌 여기까지야~~~~~~~~~용쓰지마라,0,0,0,0,0,0,1,0,1,0
해적왕!!!,0,0,0,0,0,0,0,1,0,0
"문재인, 정경두. 이런자가 있으니 이런 막 장.추잡한 사건이 현실 이다. 나라 꼴 우수워 지는구나. 선거로 바꾸기전 이꼴은 계속된다.",0,0,0,0,0,0,1,0,1,0
여경정모 디자인 바꾼다고 없던 위엄 안생깁니다.... 그 예산 아껴서 현역 군인 방탄모나 총알 안뚫리는걸로 개선 해주세요!,0,0,0,0,0,0,0,0,0,1
20대 76퍼랑 30대66퍼면 진짜 남자들은 멀었다  남잔데 페미에 긍정적이다? 사람이냐? 이름 돌쇠로바꿔서 머슴이나해라ㅋㅋ,0,0,0,0,0,0,0,0,0,1
미친 전라도새끼 12살 ?니네 부모 앞에서 12살 애 강간할 수 있냐 ?아오 진짜 패죽여버리고 싶네 좆같이 생긴 새기가,0,0,0,1,0,0,0,0,0,0
유튜브에서 닭만팔면 돈이 우수수 떨어지니까좆튜버들때문에 영감탱이들 정신못차림박근혜를 박정희랑 동일시함 ㅋㅋ,0,0,1,0,0,1,0,0,1,0
조선족 씨발년아 니가 박근혜가 어떻든 뭔 상관인데 좆같은 여진족새끼야?니네 나라 모택동 시진핑이나 신경써 좆같은 새끼야,0,1,0,0,0,0,0,0,1,0
옹졸이 가슴해지는 싸움이다 열심히 싸워라 그리고 페미는 정신병임 뷔페미니즘 짜져,0,0,0,0,0,0,0,0,0,1
저거 국가 세금(보조금 나옴) 빼돌리는 이권 사업인데 전라도가 독식하려하지 다른 지방이 숟가락 얹도록 내버려 두겠냐? 운동권 전라도 문재앙 골고루 연루된 게이트다,0,0,0,1,0,0,0,0,1,0
처..첫눈에 반했다..고?? 레즈수준이 도대체가..,1,0,0,0,0,0,0,0,0,0
조국 수사는 이제 막바지. 기껏해봐야 와이프가 표장장관련 의혹이 전부. 국민을 위한 검찰 개혁이 이렇게 폄하하는 자한당 언제 까지 용납할것인가. 자한당 반드시 청산해야 나라가 한발짝이라도 앞으로 갈것. 이제 적페당에 끌려 다니는 나약한 민주당도 심판하자.,0,0,0,0,0,1,0,0,1,0
경상도사투리는 일본어랑유사하다고함,0,0,0,0,0,0,0,1,0,0
난 여자이지만 이준석 말이 옳다 생각된다. 의식 있는 여자도 억지 페미는 싫어하고 질려한다,0,0,0,0,0,0,0,0,1,1
전용 19금 걸고 하나 따로 만들어서 놀라고 하시면 될듯,0,0,0,0,0,0,1,0,0,0
"153cm 83kg 메퇘지 : 어이, 한남충 송중기, 넌 지금부터 내 신랑감 후보에서 탈락이다",0,0,0,0,0,0,0,0,1,1
사스가 홍쥐일체 태반이 홍어DNA 홍어로드 어메이징 개씹서쪽 답다,0,0,0,1,0,0,0,0,0,0
여성부에서 저런 개슬람 외노자 새끼들 인권보호해주는거 보면 존내 욱낌.,0,1,0,0,1,0,0,0,0,0
국내 도입이 시급하다,0,0,0,0,0,0,0,1,0,0
빍ㅔ이츠 공산당이다,0,0,0,0,0,0,1,0,1,0
갑질장군 박찬주 영입하고..교안이는 박광훈 사이비 목사놈 하고 절친이고..진정이 답이 없는 틀딱당..ㅜ,0,0,1,0,0,0,0,0,1,0
반자이 반자이 이런게 들림,0,0,0,0,0,0,0,1,0,0
맞는 말이잖아.. 에이즈 동성애가 원인 맞는데,1,0,0,0,0,0,0,0,0,0
군대 가니까 최군보단 낫네 ㅋㅋ,0,0,0,0,0,0,1,0,1,0
좆팔놈들이 싸게싸게 재기 안 하고 여즉 바깥을 나돌아다니는 거노? 안 되겠다이기야 내가 빨리 황천길 갈 수 있게 재기시켜버려야겠노 간판으로 찍어서 머리를 터트려버려야겠다이기,0,0,0,0,0,0,0,0,0,1
자집애들은 세상살기 참 편하노 후팔,0,0,0,0,0,0,0,0,0,1
일용직 베스트는 아직도 노무현 합성한 사진 가지고 낄낄거리노. 자집애들 답게 발전 없이 웜한테 발렸노. 이제 누가 일베를 신경쓰노? 이제 기사에서도 6워마드 못지 않은9 일베라고 하노. 이새끼들은 자존심도 없다 이기야.,0,0,0,0,0,1,0,0,1,1
이자스민 때문에 새누리당 지지율 5%는 하락한것 같다이자스민 빨리 내쫓아내야한다. 안그러면 새누리당 망한다,0,1,0,0,0,0,0,0,1,0
용산역 영등포역 평택역에 왜 빡촌이 있었겠냐. 전라도년들 싸게싸게 올라오라고 있능겨,0,0,0,1,0,0,0,0,0,1
팝송 좋아해서 tbs efm 자주 듣는데 오전 시간에 하더라원래 에이미라는 백마가 진행하는 프로 있었는데 자스민 때문에 짤린듯,0,1,0,0,0,0,0,0,1,0
나보다 더 잘입고 다니네 ㅋㅋ난민맞냐? ㅋㅋ,0,1,0,0,0,0,0,0,0,0
김구라 젊었네 ㅋㅋㅋ,0,0,0,0,0,0,0,1,0,0
Ai라 평생 장애는 안가지겠네.. 바이러스 쳐먹어서. 고장날뿐이지..기계따위라,0,0,0,0,0,0,1,0,0,0
아니 근데 막상 시키면 왜이런거 시키냐고 그러고 농땡이부리면서 안하던데,0,0,0,0,0,0,1,0,0,0
957 요정 디폴트가 왜 여자냐 요정은 자지한테나 어울리는 말이노,0,0,0,0,0,0,0,0,0,1
지잡하나 없어지는게 무 슨상 관이노?,0,0,0,0,0,1,0,0,1,0
언냐 꽃길만 걷긔^^7,0,0,0,0,0,0,0,1,0,0
문죄인도 ㅈ대고 똥꼬충들도 ㅂㄷㅂㄷ 되고. 일타 이피. ㅅㅌㅊ,1,0,0,0,0,0,0,0,1,0
ㅆㅂ 조선족 벼룩 빈대같은 새끼들ㅋㅋㅋㅋㅋ,0,1,0,0,0,0,0,0,0,0
맞는 말이노 내 존재 자체가 페미니즘이 될 수 있게 더욱 더 힘조야겠노,0,0,0,0,0,0,0,1,0,0
강용석이 맞는말 했구만.필리피노 뇬이 어따 데고 갑질인고?!!어휴.저런뇬 공천 시킨 새누리당도 제정신 아냐~~~,0,1,0,0,0,0,0,0,1,0
산이가 부릅니다.  기레기레기.,0,0,0,0,0,1,0,0,1,0
전라도새끼들은 저돈 못받으면 이명박근혜 탓할거 부터 찾아봄,0,0,0,1,0,0,0,0,1,0
천조국 대통령이 성경책에 손얹고 선서하는 거 보면 존나 멋있고 감동적인데김치맨들이 하면 그저 똥송,0,1,0,0,0,0,0,0,1,0
이제 김치년들은 진짜로 가망이 없는듯 무조건 피하는게 답이다,0,0,0,0,0,0,0,0,0,1
쟤가 그 한서희임?? 이제부터 페니니스트한다..,0,0,0,0,0,0,0,0,1,1
씨발 속을뻔했노 ㅋㅋㅋㅋㅋㅋ 막짤임 겨우 댓글 보고 찾음 씨발 존나 싱크로율 99%,0,0,0,0,0,0,1,0,0,0
이번 정권은 진짜 쓰레기 주변 자영업자들 다죽는소리한다.검찰개혁필요하지만 그전에 조국사퇴가 먼저다,0,0,0,0,0,1,0,0,1,0
ㄹㅇ 외노자 다 쫒아버리고 관광금지 때리고 이자슨민 돌려보내주면 좋겠다,0,1,0,0,0,0,0,0,1,0
삼가 고인의 명복을 빕니다...,0,0,0,0,0,0,0,1,0,0
대물취급받고 울컥하노 ㅋㅋ,0,0,0,0,0,0,0,1,0,0
이방카 패러디한 영상봐야겠다 시부레... ㄹㅇ 이방카세절예존예보스임 퇴물 페미된 블랙위도우년이 이방카 코스프레하고 비꼬는데 존나눈물겹더라ㅋㅋ,0,0,0,0,0,0,0,0,1,1
태초~고대시대의 전쟁은 왠지 저랬을것같다싸울땐 몇일밤낮을 싸울때도있다던데그정도면 무기중간에놓지고 맨손으로싸우는일도 빈번했을것같음,0,0,0,0,0,0,0,1,0,0
크리스천들은 거기서 거기지 오십보백보인 새끼들이 무슨 천주교니 개신교니서로 욕하고 따지고 잇는 모습을 보면 참 기도 안찬다 ㅋㅋㅋ ㄹㅇ 도찐개찐,0,0,0,0,1,0,0,0,0,0
이새끼들은 자칭 우파라는것들이 우파표얻을건 당연하게 생각하니 안심하고앉았고 자꾸 전라도랑 ㅂㅈ표 얻을라고 발악하네.진짜 글럿다.,0,0,0,1,0,0,0,0,0,1
으휴 30 40대가 꼴통달창세대여서 그런지 애들관리도 개판이구나,0,0,1,0,0,0,0,0,0,0
저번에 노회찬때는 추모글 엄청 올라옴 ㅋㅋㅋ 얼탱이가 없더라 김포도 홍어천지임,0,0,0,1,0,0,0,0,1,0
일단 기득권은 무조건 추진하고 싶은데 토론하면 반대하는 소리 나오니까 토론을 안하는거지 ㅋㅋㅋ직관적으로 생각하면 간단한건데 뭘 이상하게 생각함?,0,0,0,0,0,0,0,1,0,0
머모님 윾재석 눈치보게 하실때부터 알아봤다이기... 봊멋. 나련 초등학교 시절 이효리 나오는 프로그램 많이 봤었는데 그거 덕분에 유충들 잘 팼던듯ㅋㅋㅋㅋㅌㅋ 컴백 언제하시노 광고ㅓㅇ,0,0,1,0,0,0,0,0,1,1
정겸심 교수 심리한거 보도 안하냐? 기레기 셐2야..,0,0,0,0,0,1,0,0,1,0
실친 웜에서 만난것도좆목이노?? 글삭 ㄱ?,0,0,0,0,0,0,0,1,0,0
역시 동양인은. . .제너럴 조님은 틀리셨다,0,1,0,0,0,0,0,0,1,0
그럼 한국으로 꺼지시던가 칭챙총 후진국새끼가 미국이 어쩌니저쩌니 미국운운하고 자빠졋노 거기서 패배자니까 방구석에서 글쓰면서 신세한탄 스트레스푸네 ㅄ ㅋㅋ,0,1,0,0,0,0,0,0,0,0
"작은 물방울 하나하나가 모여 푸른 강물을 이루고, 모래 한 알 한 알이 모여 은빛 사막을 이루며, 별 하나하나가 모여 은하수를 이루듯  한국교회 연합기관이 하나되어 원메세지 원리더쉽으로 힘을 모아 부흥의 전성기를 맞이하게되길 기도합니다",0,0,0,0,0,0,0,1,0,0
한국교회 전체를 세우시는 세움총회 기대되고 기도합니다,0,0,0,0,0,0,0,1,0,0
병신들 이순신도 충남 아산 출신이다 어휴 라도수준하곤,0,0,0,1,0,0,0,0,0,0
글쓴게이야 김정은보다 림종석 후장빠는게 더 치욕적일거라고 조언댓글 달아,1,0,0,0,0,0,0,0,1,0
도대체 재앙이 딸래미가 이민을가던 국적포기를하던 왜 지랄인거야ㅋ 이것도 뭐 대통령딸은 무조건 대한민국 국적으로 한국에서 살아야한다는 떼법주장하는건가?ㅋ,0,0,0,0,0,0,1,0,1,0
업소에서는 영상 안찍는다.장부는 몰라도 영상은 가치가 없음,0,0,0,0,0,0,0,1,0,0
하~세살부터 동성애 교육이라~~ 아이를 가진 학부모로써 절대반대합니다,1,0,0,0,0,0,0,0,0,0
샤넌만 인정한다. 미개한 김치년들의 질투심에 지지 않았으면 좋겠다,0,0,0,0,0,0,0,0,0,1
키야 사스가 갓스시녀,0,1,0,0,0,0,0,0,0,1
10만명요?,0,0,0,0,0,0,0,1,0,0
김치빻와꾸를 빠는거 자체가 노이해 맨날 내가수 이지랄낫노,0,0,0,0,0,0,1,0,0,0
미세먼지도 좆같은데 폐병 걸리면 문재앙 개새끼랑 짱깨들 몇마리 데리고 간다 진심,0,1,0,0,0,0,0,0,1,0
한남아 신사가 되고싶으냐? 고재기를 따라가라,0,0,0,0,0,0,0,0,1,1
이길여같아,0,0,0,0,0,0,1,0,1,0
줄서있는 애들보면 다리부러트리고 싶은데 정상임?,0,0,0,0,0,0,1,0,0,0
홍어들 지들이 뽑은 문재앙 때문에 경제씹창나고 일베에서 존나 노는중,0,0,0,1,0,0,0,0,1,0
급식충을 위해서 김영삼의 업적,0,0,1,0,0,0,0,0,1,0
씨발 하다하다 아이티 앰흑새끼들이랑 비교를 하노ㅋㅋㅋㅋㅋㅋㅋ 분통한건 알겠는데 찐따새끼들마냥 오버좀 그만해라ㅋㅋㅋㅋㅋㅋㅋㅋ,0,1,0,0,0,0,0,0,0,0
얘 끌어들인게 박근혜라고? 와 진짜 썅년닭년 에휴,0,0,0,0,0,0,1,0,1,0
진우 얼굴을 보자마자 왜 여혐하는지 알겠노,0,0,0,0,0,0,1,0,1,0
머가리에 음식물찌거기만 들어있노 저럴시간에 컴끄고 책을읽겠노,0,0,0,0,0,0,1,0,0,0
좌빨종북주사파 달창대개문 김정은애완견 들 조민 표창장 은 어디서 나온거야 유시민은 동양대 총장한데 전화 는 왜 한거야 중국가서 사드 보복하라구 고자질 은 누가 한거야비리 들어나면 메신저 공격하는 생양아치 좌빨 종북주사파 달창대개문 김정은애완견 들,0,0,0,0,0,1,0,0,1,0
갓주국자 성님 충성충성한냄져 6.9 소추들 몰살부탁드린다 이기,0,0,0,0,0,0,0,0,1,1
개독교새끼들은 정신병자이고 위선자에다가 악마이다 이럼 또 죄짓는다고 지옥드립 정신병자처럼 치겠지 병신들이 사실상 정신병동에 갖쳐야 할새끼들 풀어주니까 지랄하는거임,0,0,0,0,1,1,0,0,0,0
보이루= 보겸+하이루 보겸이 패미 몇번 까고 고소하고 하다가 갑자기 페미중에 한사람이 보이루를 보x+하이루로 바꿔서 설명 페미들 이때다 싶어서 여혐단어쓰는 사람이라 공격 이게 더 정신나간거 아니냐?,0,0,0,0,0,0,0,0,1,1
보지들 씨부리는 거 노관심이다손석희 운지하는거 보고싶은거지한남이 호구새끼지 는 씨발 넌 태생이 보빨 마인드노?,0,0,0,0,0,0,0,0,1,1
리비도의 고장,0,0,0,0,0,0,0,1,0,0
윤석열은 단호히 반대하길 바란다 저거 말이 좋아 차별금지법이지 게이 레즈비언들이 판치게 만드는 악법이다 지들 자식들 다 키워놓은 국가망치는 썅노무들이야 상관 없겠지만 우리 아이들은 어쩌냐 쉽게말해 군대가서 내 아들 bu알 주무르는 고참 놈 게이라고 신고도 못하게 만드는 악법이다,1,0,0,0,0,0,0,0,1,0
왜 걍 박근혜라 했을때 거슬리는가 했노. 자댕이들은 재기놈도 성재기님 웅앵 이러는데 박근혜 대통령님도 박근혜 띡 이렇게 부르지말고 최초의 대통령이시니만큼 봊나 올려쳐야하노.,0,0,0,0,0,0,0,0,1,1
목사라고만 하지 어느교회 목사인지 왜 안 말하지 그 교회 신자들도 검사 받아야 되는거 아닌가,0,0,0,0,0,0,0,1,0,0
충 쓰면 법적으로 벌금 30만원인데 ㅋㅋㅋㅋ,0,0,0,0,0,0,0,1,0,0
증국몽 하는새끼 후빨하면서 짱깨욕ㅋㅋㅋㅋㅋㅋㅋ갓센징들의 아이덴티티 끝판왕을 보여주넼ㅋㅋㅋㅋㅋㅋㅋ,0,1,0,0,0,0,0,0,0,0
짱깨 홍어들 화력에 열광하는 일베 ㄷㄷ,0,1,0,1,0,0,0,0,0,0
존나 씨발 개똘똘한 새끼일세,0,0,0,0,0,0,1,0,0,0
노래방에서 저지랄하는거 한남종특임 ㅋ 다죽이고싶다,0,0,0,0,0,0,0,0,0,1
박정희가 진짜 쌍도남자아니냐? 독재반대하는사람들 싸그리 다 고문시키고 ㄷㄷ..,0,0,0,1,0,0,0,0,1,0
치매걸리면 후팔좆팔 재기해 씌앙롬아 이러는거 아니냐 ㅋㅋㅋ ^느^ 꾸르잼ㅋㅋㅋ,0,0,0,0,0,0,1,0,0,0
현자가 되어서 책을 읽다니,0,0,0,0,0,0,0,1,0,0
전국의 목사들 전부 싸잡아서 정신교육 시키고 검사해서 합격한사람들만 목사시키고 1년에 한번씩 정기검진합시다 대체 믿을수가없네,0,0,0,0,1,0,0,0,0,0
"진짜 돼지는 귀엽기라도 하지, 저년들은 어휴... 노희찬 따라가, 제발!",0,0,0,0,0,0,0,0,1,1
검사하는 김에 에이즈 검사랑 성병 검사도 같이해라,1,0,0,0,0,0,0,0,0,0
오유 : 새누리가 싫어서 이자스민을 싫어함일베 : 유색외국인 싫어서 이자스민을 싫어함진정한 좌우합작의 공신,0,1,0,0,0,0,0,0,1,0
기회주의자 색히들우리 승민장인어른은 봐준다,0,0,0,0,0,0,1,0,1,0
목사 인게 문제가 아니라 남자가 잘생겼으면 고소도 안했을듯 레알 원빈이 뽀뽀 했어봐라 고소당했겠냐?,0,0,0,0,0,0,1,0,1,0
지금까지 특검수준의 조사해놓기 뭘 또 할려구? 나경원 아들래미 특혜 수사나 해보자,0,0,0,0,0,0,1,0,1,0
서초동200백만 조국사수 검찰개혁 그러는 니넨 1천명 어따. 대구. 에서. 뭐해~,0,0,0,1,0,0,0,0,1,0
유노는 탈라도 아니노,0,0,0,1,0,0,0,0,1,0
더러운 개쌍도놈들 ㅉㅉ,0,0,0,1,0,0,0,0,0,0
가세연은 김용호와 김세의는 잔머리 안굴리는데 강용석은 생각이 많은것 같음. 전라도는 어떤 위치의 어떤 사람이던 안믿는다,0,0,0,1,0,0,0,0,1,0
헌금!!!!!!하면 제일사랑교회 전광훈 목사와 그를 따르는 목사들을 따라 갈수가 없지요 ㅋㅋㅋ,0,0,0,0,1,0,0,0,1,0
1억5천 여행이라.... 삼성 이재용이 저란 여행 햇으면 지보랑 노조 새끼들 벌떼처럼 게거품 물고 잡아 멋엇을건데...,0,0,0,0,0,1,0,0,1,0
3일 전요. 딱 3일. 소문이 퍼지는 기간과 해명의 기회를 주지 않을 수 있는 기간이라 11 일~12 일 나올 가능성이 클겁니다.,0,0,0,0,0,0,0,1,0,0
한남시계에서 보겸이랑 같은 유형이노 안경버무리만 하면 구별못하겠노 ㅋㅋ,0,0,0,0,0,0,0,0,1,1
걍 방구석에서 20주년 행사하면 안될까? 방송 인터뷰에 얼굴도 안 나오고 음성 처리만 해달라고 한거임??? 그럼 스스로 자신에게도 떳떳한 생각이 안들어서 그런거 아닐까? 당신의 아빠가 여자였음 어땠을까? 당신의 엄마가 남자였음 어땠을까? 생각 좀 해 봐라. ㅠ ㅠ,1,0,0,0,0,0,0,0,0,0
저기서 성소수자는 좀 뺍시다. 유리할땐 여자됐다 불리할땐 남자됐다 이러는 인간들.,1,0,0,0,0,0,0,0,0,0
글 앵나 잘썼노 분석꿘 ㅇㅈ다 이기야 글 하나하나 곱씹으며 내렸는데 문재앙 얼굴보고 갑자기 기분 재기했노. 평소에 어떤 생각을 하면 사람을 저렇게 쳐다보노? 나는 저런표정 나올때가 뽀송한 쇼린이 엉덩이 볼때밖에 없는데말이노. 문재앙 역겹다 이기,0,0,1,0,0,0,0,0,1,0
애들한테는 그래도 이성애가 맞는 거라고 가르쳐야 하지 않을 까요?,1,0,0,0,0,0,0,0,0,0
목사는 개나소나 되나봐요 하긴 전광훈도 목사라고 하던되 애비 죄 사함하기위해 쇼쇼쇼 하는가,0,0,0,0,1,0,0,0,1,0
이준 좀 위험한 발언인데...아무리 인기 아이돌이라고해도 김치년들한테 미운털 박히면 훅 간당께...,0,0,0,0,0,0,0,0,1,1
다문화도 급이 있지 시발 똥남아 새끼들말고 선진국 대려와야지 노근혜 뭐하고있냐 ? ㅅㅂ,0,1,0,0,0,0,0,0,1,0
보지들이 문제앙을 더 지지하게 되는 효과를 보는것임전략적인 조작과 언플은 좌좀이 전문이긴함,0,0,0,0,0,1,0,0,1,1
개쌍도 아니라서예지력 하락,0,0,0,1,0,0,0,0,1,0
저번준가 저저번준가 신촌갔다가 이자슨민 길에서 마주침. 백인놈이랑 같이 팔짱? 끼고 있던거 같던데. 얘 남편있냐???,0,1,0,0,0,0,0,0,1,0
"틀딱들은 오세훈,박형준 싫어하드라.오세훈 민변출신박형준 학생운동전력",0,0,1,0,0,0,0,0,1,0
근데 저거 통계보면 여자들은 앵나 똑똑하다고해야하나? 대세를 따라가려고하는게 강한것같지않노 익이 . 여자가 dna로 우월한 인지랄 골랐다면 백인냄져가아니라 흑인냄져를 골랐을텐데,0,1,0,0,0,0,0,0,0,1
노짱사진보여주는거는 고문아니냐?,0,0,0,0,0,0,1,0,1,0
반기문 그만빨아라 저세끼 존나 다문화 지지자임. 뭐 문죄인이도 마찬가지 겠지만 이제 누가 대통령되도 헬1조선은 똥남아 개슬림 좆족 으로 드글드글 거리게 생겼다,0,1,0,0,0,0,0,0,1,0
여성 권리 운운하기 전에 니네 능력이나 좀 키워라,0,0,0,0,0,0,0,0,0,1
586진보머학생: 틀니새끼들이 이준석 내쫓으려한다! 닭닭틀틀!!,0,0,1,0,0,0,0,0,1,0
옥자환은 어떻게 착용하냐,0,0,0,0,0,0,0,1,0,0
임마 대구가 원래 한국의 모스크바였어옛날엔 대구가 남로당 본거지였어대구사태 일어나서 박정희 친형이 총 맞고 사망함.,0,0,0,1,0,0,0,0,1,0
일베새끼들이 좆나 빠는 명박이가 조선족 다문화 졸 퍼준건 아노? ㅋㅋㅋ,0,1,0,0,0,0,0,0,1,0
개슬람은 까지만 맨시티나 파리생 빠는 행위=미 제국주의는 싫지만 나이키 맥도날드 애플 이용하기설마 개슬람 극딜하면서 오일머니 빠는 머중잦이들은 없겠지?,0,0,0,0,1,0,0,0,1,0
양성평등이랑 성평등은 다른얘기다 김동식의원님 응원합니다! 제발 이 나라의 성평등을 막아주세요,0,0,0,0,0,0,0,0,1,1
전라도에서 북괴 김씨 3부자 쳐빠는 새키들이 바로 저런 부류임북괴 주체사상교가 기독교의 변형된 사이비형태거든나라 10창내고 부정선거 저지른 종중 종북 매국노 민족반역 공산 독재자 문재앙 지지율이 지금 전라도에서 92프로임,0,0,0,1,0,0,0,0,1,0
늙은 놈이 추하게 여자 존나게 밝히네미국 대통령 앞에서까지 한다는 말이“여자 없나요?”,0,0,0,0,0,0,1,0,0,0
맨날 전라도 전라도 하더니 경상도도 만만치 않노,0,0,0,1,0,0,0,0,0,0
범죄 저지르는 외궈새끼들 제대로 처벌이나 하면서 저러면 모르는데 씨발,0,1,0,0,0,0,0,0,0,0
와 그래프 앵나 좆같다,0,0,0,0,0,0,1,0,0,0
전라도가 뽑은 문재앙때문에 경상도사람들이 고생한다,0,0,0,1,0,0,0,0,1,0
전라도 섬노예로쓰면되는데 그치?,0,0,0,1,0,0,0,0,0,0
웜퉤지 몇구된다고 4만따리 운운하는거노,0,0,0,0,0,0,0,0,0,1
요즘 일베에 개독새끼들 존나 많아짐ㅋㅋㅋㅋ 사탄새끼들,0,0,0,0,1,0,0,0,0,0
레이디 무현 너무하노,0,0,0,0,0,0,1,0,1,0
항문성교가 먼 자랑이라고 광장에 나와서 하겠다고 참...이게 다 박원순시장이 광장사용승인해줬기 때문이야 신천지도 게이들도 다 ~~~에잇!!! 특권중의 특권자들 !!!!,1,0,0,0,0,0,0,0,1,0
야 근데 말자체만 놓고보면 틀린말아니지않냐?탈북자새끼들은 어짜피 한번 배신이라면 배신을 한거로 볼수도있는거잖아저새끼들은 지꼴리면 위기상황때 한국 통수치고 북괴편들수도있다고본다별로 말자체만놓고 틀린말로보이지는않는데임수경이라는게;;,0,1,0,0,0,0,0,0,1,0
와ㅡ그만큼 찾는 사람도 많다는거아냐ㅜㅜ돈을 긁어모았네ㅋ,0,0,0,0,0,0,0,1,0,0
애초에 도와줄 용기도 없으면서 안도와준다 이러고있네 개그하나ㅋㅋ,0,0,0,0,0,0,1,0,0,0
좆족범죄자새끼한테 본때를 보인 한국인이 감옥에서 고생ㅋㅋ단언컨데 문재앙은 조선족이다 농담아님모든 정책과 행보가 증명함,0,1,0,0,0,0,0,0,1,0
ㅋㅋ 니들이자스민 종교가 뭔지 아냐? ㅋㅋㅋㅋㅋㅋㅋㅋㅋㅋㅋ,0,0,0,0,0,0,1,0,1,0
불법광고물로 철거 신고해라 이기야,0,0,0,0,0,0,1,0,0,0
트럼프를 왜 노무현에다 비교함금수저로 태어나서 부동산으로 떼돈벌고 정계 입문한건데 ㅋㅋ,0,0,0,0,0,0,1,0,1,0
가만보면 목사들은 다 한통속이네 다들 하나님의 벌을 박은겨 하나님 믿으라 했는데 지 권력 이용해서 전광훈이랑 태극기집회 믿으라 하니까 잘못했다 화개하기 전에는 패가망신할겨,0,0,0,0,1,0,0,0,1,0
차별금지법 통과되면 이나라는 답이 없다 문씨랑 민주당놈들이 대한민국을 개 박살내는구나 ㅠㅠㅠㅠㅠㅠㅠㅠㅠ,1,0,0,0,0,0,0,0,1,0
외대에 왜 외노자들이 잔뜩있노 .. 니네 나라로 가 학교 이름에 똥칠하지말구요,0,1,0,0,0,0,0,0,0,0
예전에 이제석 표절이라고 까던새끼들이 일베 아니노?,0,0,0,0,0,0,1,0,1,0
닥쳐이자슨민은 팩트없어도 까도돼,0,0,0,0,0,1,0,0,1,0
"그냥 전라도 출신 , 강간 성추행 전과자 , 남성성 자체에 트라우마를 가지고 있는 저지능 성소수자 제외하고 최소한의 사람 구실이라도 하는 20대 남자는 죄다 문재인 싫어한다고 보면 됨. 그냥",1,0,0,1,0,1,0,0,1,0
그 와중에 ^설렁탕^은 왜사오노 머갈빻은 좆놈이? 보지한테 애 한명당 2억 이상 줄거 아니면 ^선심^쓰는척 하지 마라 이기야,0,0,0,0,0,0,0,0,0,1
문재앙덕분에 짱께멀티 되는것도 한순간이네,0,1,0,0,0,0,0,0,1,0
ㄹㅇ 한심한 씹같은년들 에휴 좃같은 개년들이 어린이집 애새끼 뎐져놓고 노가리나까고 3355 모여서 좃목질만 하지 연애기사 이야기는 다하고다니더라 씹년들 좃도 모르면서 배현진 까기 바쁘고ㅋㅋ,0,0,0,0,0,0,0,0,1,1
오피단속걸리는 애들은 진짜 로또사봐야하는거 아니냐?,0,0,0,0,0,0,1,0,0,0
이새끼 닮았는데?? 좆다니엘 점마 짱깨핏줄인듯,0,1,0,0,0,0,0,0,1,0
편하게 해주겠다는데도 지랄하네,0,0,0,0,0,0,1,0,0,0
어쩐지 문통지지률과 민주당 지지률 이상하고 대통령 응원 만이올라가더라 모두가 공산당과 짱개들 짓이내,0,1,0,0,0,0,0,0,1,0
김태훈 : 합부르크왕가 턱이라 별명 턱후니. 함몰자지. 좆스쿨다니는 상폐자지 상폐인데 미필이라 열폭감에쩔어있음. 피부에 좆드름남. 170cm,0,0,0,0,0,1,0,0,1,0
ㅋㅋㅋㅋㅋㅋ 놈딱 팩트노,0,0,0,0,0,0,0,1,0,0
저새끼들은 지들 자식새끼가 외국인이니까 저 지랄들임 국회의원 자격요건에 직계가족에 외국인 있으면 자격요건 미달을 박아야함,0,1,0,0,0,0,0,0,0,0
3천년전 쓰레빠도 못신은 중동 잡놈을 어떤놈이 신으로 만든거냐? 니들이 한번도 못본 쉐끼를 집단으로 모여 절한다고 뒤진놈이 뭘해줘? 예수세끼가 왜 처 뒤진건지 이제서야 알겟다,0,1,0,0,1,0,0,0,0,0
잘가라~~,0,0,0,0,0,0,0,1,0,0
금태섭은 어떻게 성소수자와 장애인을 같이 취급할 수 있나. 장애인은 본인들 선택과 상관 없이 사회적 약자가 된 사람들이고 성소수자는 본인들이 선택한 것이다. 안철수가 만약 장애인을 위한 축제가 광화문에 열린다고 했대도 도심에서 멀리 가서 하라고 했을까?,1,0,0,0,0,0,0,0,1,0
혐오와 차별대화사례는 사과할일이 아님. 일그러진 자화상이니까 있는 그대로 민낯이 드러난거. 개인정보 도용은 그냥 벌금도 내고 깜빵도 가세요. 사과로 해결안됨.,0,0,0,0,0,0,1,0,0,0
김영삼 정부때부터 여야 가릴 거 없이 외노자나 외국인 정책에 실패한 결과지 우리 나라에 도움이 될 사람들이 아니고 죄다 도움 안 되는 단순 노동자들임,0,1,0,0,0,0,0,0,1,0
2번째 두손 모으고 얌전히 서있는놈 근무군무 꼴리^노^ 벗겨다가 엉덩이 채찍질 해주노 싶다 이기야,0,0,0,0,0,0,1,0,0,0
이런 개독교를 숭배하는게 황교활이라는 점 이새기가 되면 이나라가 아주 사이비교주들로 물들겠지 끔찍하다,0,0,0,0,1,0,0,0,1,0
다문화센터 시발ㅋㅋㅋㅋㅋ 이자슨민이나 챙겨 ㅋㅋㅋㅋ,0,1,0,0,0,0,0,0,1,0
으휴 안에서 새는 똥양남 밖에서도 샌다 너련 욕봤노,0,1,0,0,0,0,0,0,0,1
지금 바이든이 유리하네,0,0,0,0,0,0,0,1,0,0
틀딱들 분열 존내 일으키네 어디 뭐 나경은이 당대표되면 자리하나 준다냐,0,0,1,0,0,0,0,0,0,0
홍준표도 보통 꼰대가 아니지만 페미발언은 민좆당이 훨씬 많이 했는데 홍준표 짤 들고 온다고??,0,0,0,0,0,1,0,0,1,0
ㅁㅊ...,0,0,0,0,0,0,1,0,0,0
세금충들 특기 중 하나는 존버,0,0,0,0,0,0,1,0,0,0
"예전에 일베에서 따봉충 한번 깐적 있었는데신태일은 따봉충으로 성공한 사람이라고 급식들 풀발기 한거 기억나네그때 일베에 철없는 급식 존나 많다고 느낌급식들 성공의 기준이 유명한 유튜버, 따봉스타, 아프리카bj임",0,0,1,0,0,0,0,0,1,0
최홍만이랑 야오밍이랑 쓰리썸하라그래 미친년들,0,0,0,0,0,0,0,0,1,1
⭕ 난 동성애보다 박근헤가 징역에서 자연법칙에 거스르는 새벽에 손가락으로 손장난하는것이 더 불경하다고 생각한다. 오징어냄새 방안에 진동한다카더라,1,0,0,0,0,0,0,0,1,0
맞노 지들이 하면 이성적 사고고 여자가 하면 감이다이기ㅋㅋㅋㅋ,0,0,0,0,0,0,1,0,0,0
씨발 동성애고 나발이고 예수쟁이들은 빨리 뒈져서 지들이 믿는 예수 씹새끼 곁으로 빨리 꺼졌으면 좋겠다,0,0,0,0,1,0,0,0,0,0
상폐년 만나고ㅋㅋ 구라치다 걸림ㅋㅋㅋ,0,0,1,0,0,0,0,0,0,0
똥냐 정신승리 오지노 응 한국똥은 외국에서도 인기없노 폭행판타지 있는 걸 보니 백퍼 시디노 참고로 양인은 너보면 throw up,1,0,0,0,0,0,0,0,0,0
근데 좀 신(고무신 아님ㅎ)나노;;,0,0,0,0,0,0,0,1,0,0
게이샛기들 사용하는 방법은 딱 하나임 수용같은곳에 싸그리 정조대 채워서 쳐넣고 문재인 이인영 이런 좌빨갱이들 묶어서 그날하루만 정조대 빼줘야함,1,0,0,0,0,1,0,0,1,0
이자슨민은 사실상 탱커ㅇㅇ 어그로에 최적화된 똥송함으로 최강탱커,0,1,0,0,0,0,0,0,1,0
이자스민 외국인 아님?,0,1,0,0,0,0,0,0,1,0
ㅇㅊㅇㅊ띵문이노,0,0,0,0,0,0,0,1,0,0
주말도아니고 평일이잖아 .상대적으로 노는년들이 남자보다 더 많으니 ㅇㅇ,0,0,0,0,0,0,0,0,0,1
이런새끼들덕이지노인혐오는 모르겟고 급식혐오는 존나 생겻다,0,0,1,0,0,0,0,0,0,0
이게바로 사람들 수준이다이자스민 어느지역사람들이 뽑았는지나 봐라,0,0,0,1,0,0,0,0,1,0
만지는 놈이나 당하는 년이나 그러려니 존나 자연스러운 거 보소,0,0,0,0,0,0,1,0,0,0
이명박근혜때 '할랄'어쩌고 하면서 친무슬림정책 진행했잖아 기억안나나? 교회다니는 사람들아!,0,0,0,0,1,0,0,0,1,0
아무튼 김치녀들이문제,0,0,0,0,0,0,0,0,0,1
추미매를 여자를 보는 사람이 어딨냐? 늙은 아줌마가ㅠ 상식적으로 생각해바라,0,0,0,0,0,0,1,0,1,0
요 씨발 짱깨새끼 보소1등국민 한족이란다 개씹짱퀴벌레새끼야짱퀴나 좆족이나 다 똑같은 씹버러지지 뭐가 다르냐은근 짱퀴 빠는거 딱 걸렸노,0,1,0,0,0,0,0,0,0,0
말 장난 하고 자빠졌네..ㅋㅋㅋㅋ 수준하고는,0,0,0,0,0,0,1,0,0,0
인구좀 줄여 시발 노예가 필요한 기득권층들한테나 인구감소가 재앙이지,0,0,0,0,0,0,1,0,1,0
조팔 저게 18년도 선진국에서 일어나는 일이라니 믿을수가없노 내조국 좆되기전에 무슬람 좆새끼들 막아야하노 전세계가 지구상 어디도없는 한남을 이긴 여혐좆들한테 정복당하게생겼노,0,1,0,0,0,0,0,0,1,1
표때문에 구라까는 니들보다 낫다. 동성애 하는 애들은 안철수 안뽑으면 되는거고. 괜히 주작치다가 나중에 뒷말하는 느그보다 훨 낫다,1,0,0,0,0,0,0,0,1,0
다음엔 불륜얘기좀 올려주세요. 원조교제 얘기두요. 직장인 점심식사끝나고 간다는 오피스텔 매춘도 꼭 오려주세요.,0,0,0,0,0,0,0,1,0,0
남자들은 예전과 같은데 진선미 개씹창년 당선된거보면 이나라 여성들이 그냥 보지달린 아메바임,0,0,0,0,0,0,0,0,1,1
아니 시발 불체자새끼들을 왜 ㅡㅡ,0,1,0,0,0,0,0,0,0,0
어쩌라고 자랑할게 그렇게나없냐 역겹다 자랑하지마라,0,0,0,0,0,0,1,0,0,0
갓양인이 비웃는건 참을수 있다. 근데 흑인들이 저러는건 말도 안되지. 채찍맞으면서 목화씨나 따던것들이 말야. 먹을거 주는것만으로도 감사히 여겨야지,0,1,0,0,0,0,0,0,0,0
박근혜가 좆족인 이유,0,1,0,0,0,0,0,0,1,0
ㄴ임종에서 이미 그러더놐ㅋㅋㅋ그러더니 결론은 뚱뚱한 련은 안나오게 하게 한거로 결론내더랔ㅋㅋㅋㅋ 그래도 무의식중에 알거노 지들이 쌓아올린 말들이 그냥 헛소리라는걸,0,0,0,0,0,0,1,0,0,0
급식이라 처벌안받노 페미는정신병이라고 느그들이 말했노 감형시켜줘라이기,0,0,0,0,0,0,0,0,0,1
성폭행 뒤에 분위기가 좋아졌다 호전되었다.이건 서로 즐긴거니까 강간 무죄가 뜬거지 뭘. 질혜가 철구한테 저렇게 적극적으로 섹스 해줬다면 어느 남자가 외도를 할까?? 꼴려서 무죄임,0,0,0,0,0,0,0,0,1,1
"민족이고 지랄이고 나발이고 현재 니가 존재하는 곳의 법은 지키며 살아야 존중 받지. 한국에서도 범죄자, 전과자는 여러모로 차별 받어. 괜히 출신때문에 차별 받는다고 편리하게 생각하지 마.",0,0,0,0,0,0,1,0,0,0
캬 선진국답노,0,0,0,0,0,0,0,1,0,0
일또맘 누나도 극우임 ㅋㅋㅋㅋ,0,0,0,0,0,0,0,1,0,0
틀딱+빨깽이=문재앙,0,0,1,0,0,1,0,0,1,0
이자스민 입장에선 꿀빨수있을때 왕창 빨아두려는거지모두가 다문화에대해 지금은 좋게생각하니까,0,1,0,0,0,0,0,0,1,1
존나 듣기싫네 전라도사투리,0,0,0,1,0,0,0,0,0,0
학자금 대출도 잇는데ㅅㅂ,0,0,0,0,0,0,1,0,0,0
여자들한텐 감성자극하고 정우성같은 미남배우 밀어서 세뇌시키고 남자들한텐 여자들 한번 당해봐야한단식으로 여론몰이해서 난민 받아들이자는 표수 늘리네,0,1,0,0,0,0,0,0,1,0
오세라비님은 페미니스트 아닙니다만 ^^;;,0,0,0,0,0,0,0,1,0,0
예수가 구라치라고 시키드나?,0,0,0,0,1,0,0,0,0,0
개독교 이제 얼마안남았다. 자멸할것이다.,0,0,0,0,1,0,0,0,0,0
이준석은 어려운 말을 안써서 일반인들이 이해하기가 쉬운데 진중권 말은 어려운 말 많이 써서 일반인들이 이해하기가 어려움....즉..무식한 일반인들은 공부해야....,0,0,0,0,0,1,0,0,1,0
문제인 명품의자 사더만 문슬람들 풀발기하고 따라사네,0,0,0,0,1,1,0,0,1,0
중국만 까면 박근혜 짤올라옴 ㅋㅋㅋㅋㅋ 병신 조선족새끼들 발작버튼 ㅋㅋㅋㅋ,0,1,0,0,0,0,0,0,1,0
시발 좆같아서 윤석열이 안빨면 조선족 되는거냐?틀딱들은 못말려~참고로 시진핑도 틀딱처럼 개새끼다,0,1,0,0,0,0,0,0,1,0
이자스민 그렇게 좋아하는 필리핀으로 도로 보내자추방ㄱㄱ,0,1,0,0,0,0,0,0,1,0
진보=좌파=야당=페미=꼴페미=새누리 내부의 페미=메갈=워마드=여초 한국이 노답인 이유,0,0,0,0,0,0,0,0,0,1
ㅋㅋㅋㅋㅋㅋㅋ존나웃기노 근데말잘하는듯 여자,0,0,0,0,0,0,0,1,0,0
아 내가 송영길이 지역구 주민이다 ^오^ 전라도가50프로라 송영길 무저건 당선지역 ㄷㄷ,0,0,0,1,0,0,0,0,1,0
설라도 박원순뽑은 새끼들 거의 다 똥꼬충 ㅋㅋㅋㅋㅋㅋㅋㅋㅋㅋㅋ,1,0,0,1,0,0,0,0,1,0
스킨헤드정도면 명예 웜상 아니노? 자댕이라 댕청하게지만 보토피아되면 가축정도론 키울수있겟노,0,0,0,0,0,0,0,0,0,1
ㄷㄷ흡성대법 미쳤네,0,0,0,0,0,0,0,1,0,0
사람은 다 똑같은 사람,0,0,0,0,0,0,0,1,0,0
진중권 탈좌파했다는 틀딱새끼들 어디갔노?,0,0,1,0,0,0,0,0,1,0
재앙이도 대가리 좆창나서 삼수해서 꾸역꾸역 경희대가는데 지잡대 앱생 인생들은 뭐란말이노이기,0,0,0,0,0,1,0,0,1,0
홍어와좆족 이젠 강용석 빨아되겠네,0,1,0,1,0,0,0,0,1,0
기업들이 만든거 달통한테 왜 서한보낸겨 이기사거리로 또 선동질하겠구먼,0,0,0,0,0,0,1,0,1,0
중궈 113마리 검출,0,1,0,0,0,0,0,0,1,0
"성평등이란 말이 남,여만 지칭한다고 생각하셨던것 같네요. 보통 분들이 다들 이렇게 생각하시지 어떻게 남,여 말고 아침엔 남자 점심엔 여자 이렇게 아주 지멋대로인 성이 있다고 생각하겠어요? 김동식 의원님 응원합니다!!",1,0,0,0,0,0,0,0,1,0
ㅗㅜㅑㅅㅂ3ㅂ,0,0,0,0,0,0,1,0,0,0
518은 폭동이고 홍어는 배척해야되지!!그래도 박근혜는 역대 최악 대통령 ㅠㅠ,0,0,0,1,0,0,0,0,1,0
이건 진짜 될놈들이다크게 될 인물...;;,0,0,0,0,0,0,1,0,0,0
사진이랑 무슨 관련임?,0,0,0,0,0,0,0,1,0,0
추다르트 언냐 멋져 하던 페미들 맨붕 ㅋㅋㅋㅋㅋㅋㅋㅋㅋㅋㅋㅋㅋㅋㅋㅋㅋㅋㅋㅋㅋㅋㅋㅋㅋㅋㅋㅋㅋㅋㅋㅋㅋㅋㅋㅋㅋㅋㅋㅋㅋㅋㅋㅋㅋㅋㅋㅋㅋㅋㅋㅋㅋㅋㅋㅋㅋ,0,0,0,0,0,0,0,0,1,1
돈도 바쳐 몸도 바쳐... 니들 목사의 노예들이구나. 성노예들~~~ 전광훈이 말이 맞네. 니들은 병신 신도들이라고...,0,0,0,0,1,0,0,0,1,0
울고불고하면 다 되는줄아나보다 하기야 문재인대똥령은 울고불고하면 법만들어 다 통과해주더라 이번엔 변희수법나오겟네,1,0,0,0,0,0,0,0,1,0
또 시발 여기서 이명박 존나 까고 있네여성부랑 이자스민 밀어주고 있는게 누구더라대북관 하나 빼고 지금 맘에 드는거 거의 없는데,0,1,0,0,0,0,0,0,1,1
"민노총은 노동자의 복지를 위해 한거고.. 전광훈,미통당은 정지척으로 지들 주머니 챙기려고 한거잖아.....목사같지도 않은 양아치와 국개멍멍이들의 작품...ㅅㅂ거ㄷ",0,0,0,0,0,1,0,0,1,0
홍어 좌빨분탕에 웜퇘지들 대거 일베로 유입되면 누가 진성일게이인지 피아식별도안되겠네 대거 모여들어 피터지는 전쟁터가 되겠구만 과연 문재앙정권에서 일베가 생존할수있을지 궁금하노,0,0,0,1,0,0,0,0,1,1
(((((((((((((()))))))))))))))),0,0,0,0,0,0,0,1,0,0
지윤아 소신이라는 단어는 이럴때 쓰는게 아니다 공부좀하자,0,0,0,0,0,0,1,0,1,0
"문가영이 이쁘진 않은데 몸매는 괜춘함, 그래도 아이유지",0,0,0,0,0,0,0,0,1,1
목회자를 성도가 판단하면 벌받는다고 하나님만이 판단하실거라고 세뇌시키는 목사들 설교가 문제다. 성도들아 회개하라..그런 방임때문에 범죄자 목사가 판을 치고 결국 기독교가 개-독이라고 욕먹는거다 아닌건 아닌거다.제발.,0,0,0,0,1,0,0,0,0,0
니네 어머니 이자스민,0,1,0,0,0,0,0,0,1,0
페미나치들 진짜 세상의 암덩어리다ㅋㅋㅋㅋ 암덩어리들은 도려내야됨ㅋㅋ 지들 혼자 딴세상 살고있는데 제발 지들말로는 우리나라보다 성평등 지수 높다는 르완다로 싹다 꺼져가지고 살았으면 좋겠다,0,0,0,0,0,0,0,0,0,1
하여튼 절라도,0,0,0,1,0,0,0,0,0,0
귀귀는 더심한데ㅋㅋㅋ귀귀는 왜 안건드리는거?,0,0,0,0,0,0,1,0,1,0
ㅋㅋㅋㅋㅋㅋ한남충 인정하는거노?,0,0,0,0,0,0,0,0,0,1
으 좆같은새끼들 그래놓고 취업난이니 살기힘드니 헬조니 이빨까는 병신들은 그대로 대가리에 총맞으면 댐,0,0,0,0,0,0,1,0,0,0
이런 필리핀에 외노자로 가서 필리피노 사장에게 쳐 맞으며 추노하던게불과 반세기도 지나기 전임ㄹㅇ 박정희는 한반도 역사상 최고의 치트키,0,1,0,0,0,0,0,0,1,0
"준석아 힘내라! 페미, 페미호소인은 정상인간이 아니다. 인간처럼 여기지 마라",0,0,0,0,0,0,0,0,1,1
페미니즘은 일종의 정신병.,0,0,0,0,0,0,0,0,0,1
박근혜 이명박 이 둘한테 아쉬운게 다문화다 씨발.,0,1,0,0,0,0,0,0,1,0
착한짱개 뒈진ㅉ 짱개인데 대중이는 뒈져도 안 착하다,0,1,0,0,0,0,0,0,1,0
정신병 걸린개독 씨발년들존나많노...,0,0,0,0,1,0,0,0,0,0
임 특보는 남은 여생을 피해여성들에게 반성하는 모습으로 살아가길 바랍니다. 역할도 못하면서 젠더특보자리만 지킨 죄.,0,0,0,0,0,0,1,0,1,0
트럼프 엄청 축복 받겠네 국민들을 살리고 바른길 가도록 만드네 ᆢ훌륭한 백성들의 아버지다 성소수자들의 반감은 당분간 가지겠지만 트렌스젠더와 동성애자들의 건강을 위해서 또 엄청난 투자를 할것이다 그냥 있을 트럼프는 아니다고 본다 코로나는 물러가겠다,1,0,0,0,0,0,0,0,1,0
언론에서 호남민심 호남민심 이지랄 하는거 개역겨움오히려 지들이 지역주의 구도 생산하는거아니냐?,0,0,0,1,0,0,0,0,0,0
머국이 연쇄살인 수사할때 냄져를 디폴트로 두고하더노,0,0,0,0,0,0,0,0,0,1
경남지사 나온 김태호가 원불교라 사드입장 뭐냐는 글 쓰고 5분만에 삭제 당했음.,0,0,0,0,0,0,0,1,0,0
어느 거지새끼들 사는 좆병신 동네 맘카페길래 수준이 저 정도냐?ㅋㅋㅋㅋㅋㅋㅋ요즘 맘카페 캡쳐 뜬 거 중에 문재앙 병신짓크리로 셀프 산업화되어가는 맘카페들이 다수인거 같던데진짜 동네 중요하다 중요해,0,0,0,0,0,1,0,0,1,1
조주빈이 손석희 언급하고 언론 잠잠해진것도 존나 웃김 ㅋㅋㅋ 만약 조주빈이가 오세훈이나 강용석을 언급했어도 저렇게 잠잠해졌을까? ㅋㅋㅋㅋ,0,0,0,0,0,0,1,0,1,0
바퀴벌레같은 짱깨새끼들.,0,1,0,0,0,0,0,0,0,0
뜬금 없는 박근혜와 틀딱 이야기 교묘하盧 하지만 티나盧,0,0,1,0,0,0,0,0,1,0
이자스민같은년 한트럭 걎고와도 할리이저씨랑안바꿔준다 이기,0,1,0,0,0,0,0,0,1,0
ㄷ 조두순,0,0,0,0,0,0,1,0,1,0
와 씨발새끼네....애미뒤진새끼들,0,0,0,0,0,0,1,0,0,0
존나 넓네 아파트 한동 지어서 불쌍한난민무료분양하자 깨시민 효리양?,0,1,0,0,0,0,0,0,1,0
밥좀남기지마 한국새끼들아 라고하는 흑인짤 생각나노 ㅋㅋ,0,0,0,0,0,0,0,1,0,0
호영이랑 종인이 눈에는 빌게츠가 뻘갱이,0,0,0,0,0,1,0,0,1,0
바지 밑단 왜 접고 다니는거냐? 요즘 패션임?,0,0,0,0,0,0,0,1,0,0
이준 근데 평소부터 돈 잘 안쓰기로 소문났다더라,0,0,0,0,0,0,1,0,1,0
"신창원, 유영철, 정남규 하나같이 전라도 ㅋㅋㅋㅋㅋㅋㅋㅋㅋㅋ",0,0,0,1,0,0,0,0,1,0
조금만 지나면 젊은이가 노가다 기술을 배우려면 짱깨새끼들한테 배워야 한다더라,0,1,0,0,0,0,0,0,0,0
우상호ㅋㅋㅋㅋㅋㅋ 아직 시장에 당선되지 않아 모른다 ㅋㅋㅋㅋㅋㄱㅋ,0,0,0,0,0,0,1,0,1,0
ㅋㅋㅋㅋ 날카로운 일침이고병신이 병신인건 죄가 아닌데 병신이 지가 병신이라고 티내는건 죄다. 모올래 일베하는것도 쪼리는데 병신들,0,0,0,0,0,0,1,0,0,0
목사란 탈을쓰고 국민을 죽이는 사탄 무리들,0,0,0,0,1,0,0,0,0,0
사나토자키 미나 누구냐?! 이아이디 내가 기억할정도로 글 마니 올리는데 일베도 시발 선전용이냐?! 할거면 고단수로 제대로 하라고 미나토자키 사나인데 사나토자키 미나처럼 누구나 생각하는 레벨에서 하지말고,0,0,0,0,0,0,1,0,1,0
저건 똥꼬에 바르는거냐? ㄷㄷ,0,0,0,0,0,0,0,1,0,0
수준 미달인 사람들이 소위 떳다는거 하나로 12세 관람에서 성드립을 참 나라꼴,0,0,0,0,0,0,1,0,0,0
돼지 등신 꼴페미들 전략이 배려받으면 감사할줄 알아야 한다 라고 한 김나정 아나운서에게 김치녀 된장녀 이미지 뭍히기다,0,0,0,0,0,0,0,0,1,1
무쿤은 정겹고 잘가운디 슨상님은 보고싶지가않노,0,0,0,1,0,0,0,0,1,0
이자스민 한국어하냐?,0,1,0,0,0,0,0,0,1,0
교회하면 전광훈목사만 생각난다...... 여신도여 빤스를 내려~~~~라 빤스를 내리면 나를믿고 하나님을믿는것이다. 빤스를 안내리면 빨갱이다.... 전광훈목사는 사탄이고 악마여...,0,0,0,0,1,0,0,0,1,0
첫짤 애기엄마 표정 죽인다,0,0,0,0,0,0,1,0,0,0
갔다왔노. 아이디 2개로 앵나오게 돌리고 왔다이기야. 총알을 다 써서 빻은 댓글에 다 접기하고,0,0,0,0,0,0,0,1,0,0
그러면 이제 여자도 군대 가야지ㅋㅋㅋ,0,0,0,0,0,0,0,0,0,1
실제로 조민 만나면 보빨 존나게 해댈 새끼들이 인터넷이라 막말하네 일베충들 ㅋㅋㅋㅋㅋ,0,0,0,0,0,0,0,0,1,1
자한당 암개들 아주 쑈를하네 노처녀인거자랑하냐?? 숫처녀냐? ㅅㅅ도안해봤냐??? ㅋㅋㅋㅋ,0,0,1,0,0,0,0,0,0,1
번식성 존나 좋네,0,0,0,0,0,0,1,0,0,0
개념없는 맘충들이 문제다 지새끼 먼지랄을해도 통제안한다 난 식당들어갔다 애세끼들 있으면 그냥 나온다,0,0,0,0,0,0,0,0,0,1
몰라뵈서 똥송합니다 ㅠ,0,1,0,0,0,0,0,0,0,0
젠신병자 반대 여혐고발시위 함 했음좋겠노,1,0,0,0,0,1,0,0,0,0
강남 20~30평대 오피스텔이 단기로 월120~150에서 좆주작소설,0,0,0,0,0,0,1,0,0,0
칼로 김치좆 배때지 다 쑤셔불고싶노,0,0,0,0,0,0,0,0,0,1
하든 말든 상관 없는데에이즈 걸리고 돈 달라는 소리 하지 말고 자기들끼리만 조용히 했으면 좋겠음.,1,0,0,0,0,0,0,0,0,0
신천지 당장 해체시키고 교주 이만희는 끌어내어 처형해라,0,0,0,0,1,0,0,0,1,0
트럼프가 빨리 중국 조져야지 그것만이 답,0,1,0,0,0,0,0,0,1,0
저정도면 북괴입장에선 존나 다행아니노?정은이 보는앞에서 발사대랑 같이터지면 몇백마리 모가지될건데,0,1,0,0,0,0,0,0,1,0
개돼지가 태반인 나라. 똑같은 잘못을 해도 여자가 하면 죽도록 까이고 스토커처럼 물고 늘어지지만 더한 짓을 하는 자집놈은 아무도 관심이 없음. 여혐이 온국민 스포츠,0,0,0,0,0,0,0,0,0,1
목사가 바보스런 모습을 보여주면 되겠는가?,0,0,0,0,1,0,0,0,0,0
전라도=일본 아닌가? 백제 망하고 큐슈로 다 넘어가서 성진국 만든 것 아닌가?,0,1,0,1,0,0,0,0,0,0
트럼프 솔직히 백인양키 입장에서는 존나 사이다일듯병신같은 감정에 호소하는 선비같은 새끼들 빼고,0,1,0,0,0,0,0,0,1,0
오거돈 같튼 눔이네,0,0,0,0,0,0,1,0,1,0
ㄹㅇ 윾내심하노,0,0,0,0,0,0,1,0,0,0
전라도에 저런 경찰이 있다니 믿을수 없다. 거긴 섬인데,0,0,0,1,0,0,0,0,0,0
장기복무떨어졌네,0,0,0,0,0,0,0,1,0,0
ㅋㅋㅋ 홍카콜라할땐 언제고 인제는 문카콜라냐? 일게이새끼들 김치녀마냥 유행타는거보소,0,0,0,0,0,0,0,0,1,1
이분 빵셔틀,0,0,0,0,0,0,1,0,0,0
간철수지지 = 전라도사랑,0,0,0,1,0,0,0,0,1,0
더러운 홍어새끼들,0,0,0,1,0,0,0,0,0,0
이러면 여자들은 줄리엔강 사진들고온다 ㅅㅂ아 ㅠㅠㅠ,0,0,0,0,0,0,1,0,1,0
갓럼프가 되야지만검머외 개새끼들 조질수있음,0,1,0,0,0,0,0,0,1,0
2만원주고 제사상도 채려주노? 가성비만 따지는 꽁치에 개복치노 나같으면 조상 좆도 못신다고 자괴감 들어서 할복한다 이기야,0,0,0,0,0,0,0,0,0,1
철저하게 비즈니스적으로 보면 보빨이벤트 하는게 좋다 가정의 왠만한 경제적 결정권은 다 마누라한테 있어서장보고 외식하고 그런것도 다 여자가 고르고 소비하니까 이벤트 한다면 이런얘들 위주로 하겠지,0,0,0,0,0,0,0,0,0,1
트젠새끼도 페미인거 아냐?최한빛 그새끼 사상 완전 페미나치 그자체임 ㅋㅋㅋ,1,0,0,0,0,0,0,0,1,1
혹시 좌재동 도?,0,0,0,0,0,0,1,0,1,0
얘는....뭐...군대갔다왔고 예비군까지 다받았는데심심하면 불려가서 뺑뺑이뺑뺑이 다 쳤으니까.....인정,0,0,0,0,0,0,0,1,0,0
레이디무현의ㄲㅋ 똥남아,0,1,0,0,0,0,0,0,1,0
삼일한 정신이 알라에게도 있었노?,0,0,0,0,1,0,0,0,0,1
굶어뒈지거나말거나 무슬림도 짱깨와같이 지구에서 도려내야 되는 미개한 종족임,0,1,0,0,0,0,0,0,0,0
니들 또 빤스만 입고 나올거냐??,0,0,0,0,0,0,1,0,0,0
조팔 이 댓글 쓰려고 왔는데 통해뿟노 ㅋㅋㅋㅋ 허파는 나 달라 이기야 삶아먹을거노,0,0,0,0,0,0,0,1,0,0
"근데 저래봐야 보겸,철구 덕분에 아줌마들 페미 주입 사전차단당함 ㅋㅋㅋ 요즘 초딩들 유튜브 덕에 교육 철저히 잘 되어가고있음",0,0,0,0,0,0,0,0,1,1
카다피만 안조졌으면 이사단 안났을듯,0,0,0,0,0,0,1,0,1,0
결국 세금타령이네 ㅋㅋㅋㅋ 정치참여 안 해도 세금부과하면 클린한 거 아니냐 지지는 못받겠지,0,0,0,0,0,0,0,1,0,0
게임사 잘했다. 언론들과 페미깡페들 준동하네 기생충들,0,0,0,0,0,1,0,0,0,1
도대체 남자가 받은 특권이 뭐죠? 몰라서 그러는대 페미라고 하는사람들 있으면 이야기좀 해보세요.남자라서 받은 특권이 뭐가 있죠?,0,0,0,0,0,0,0,0,0,1
민정이 세벽2시 여의도에서 촬영하는데 아무도 없고 나랑 내친구만 바로앞에서 보고 인사했는데 눈이 와 작살난다,0,0,0,0,0,0,0,1,0,0
아따 우덜 고장으 미풍양속 세시풍속 생활스뽀쓰인데외지인들이 겁박하려 한당게슨상님 계실즉엔 이런일 읎었는디,0,0,0,1,0,0,0,0,1,0
진우 이놈아야 얼굴 떡하니 안티페미짓하다 니 인생 골로갈지 모르노 밤길 조심해라 이기,0,0,0,0,0,0,1,0,1,0
왜 신부들이 저런 지랄하면서 신도들을 성당에서 발걸음 돌리도록 하는지 모르겠따,0,0,0,0,0,0,1,0,0,0
메르켈 총리 지나가기 전과 지나간 직후 면상 변하는거 봐라 저새끼 진짜 지가 있으면 안되는 자리에 꿔다논 보릿자루인 거 흑좆나 심각하게 드러나노,0,0,0,0,0,0,1,0,1,0
솔직히 한국에서 태어나서 박정희 욕하는새끼는 간첩이거나 전라도새끼임 ㄹㅇㅍㅌ ㅂㅂㅂㄱ,0,0,0,1,0,0,0,0,1,0
진중권이 나이가 60대에 근접하니 요새 20대 남자들이 부딪히는 페미문제에 대해 무지할수 밖에. 중권이 틀ㄸ티가 난다.,0,0,1,0,0,0,0,0,1,0
재발개을 위한 지방 의회에 조례제정을 여성비하 및 정부욕하는데 써먹는데 추천을 하고 있으니 답답하다.,0,0,0,0,0,0,1,0,0,0
아쿠아맨 꿀잼일까?? 엠버허드 젖탱이 까냐??,0,0,0,0,0,0,1,0,1,0
아니 머리 말리기 귀찮아서 짧게 짤랐더니 여자좋아하냐거 물았던 부장 생각나네,0,0,0,0,0,0,0,1,0,0
자꾸 남녀 탓하게 조장하는데 사실은 사회탓. 인간을 인간대우 해주고 우리가 권리를 주장하면 되는데.. 불쌍한 사람들끼리 서로 탓하고 견제하며 권력 가진놈들 좋은 일만 시키는거지 성범죄는 예외..,0,0,0,0,0,0,1,0,0,0
여자의 적은 여자다 = 임순영 좌파,0,0,0,0,0,1,0,0,1,1
너거들도 더도말고 덜도말고 딱 똑같이 당해라 하기사 하는짓이 딱 거진데 창업할 돈이냐 있겠냐 호쌍새들아,0,0,0,0,0,0,1,0,0,0
중국몽 미치광이 재앙이 떄문에 한국인도 전면 입국금지각이다 ㅋㅋㅋㅋㅋㅋㅋㅋㅋㅋㅋㅋㅋㅋ중국인 입국 금지 안해서 한국인이 입국 금지 당하게 생김 ㅋㅋㅋㅋㅋㅋㅋㅋㅋㅋㅋㅋㅋㅋㅋㅋㅋ,0,0,0,0,0,0,1,0,1,0
이자스민은 누가 뽑았냐. 써글 비례대표라 누가 왜 뽑았는지 알수도 없지.,0,1,0,0,0,0,0,0,1,0
일단 노무현 존나 질림 12년째 지랄하는건데 소스도 다끝난지가 몇년 지남그리고 씹 노인새끼들이 노무현 빨아줄생각도 없어보임그냥 뉴페이스 최태민 빨면 되는거임,0,0,1,0,0,0,0,0,1,0
태국에서 보낸 자객인가,0,0,0,0,0,0,0,1,0,0
쓰레기다. 상종하지 마라.,0,0,0,0,0,0,1,0,0,0
궁금한게 젠더 특보는 남자야?여자야? 설마 트랜스젠더? 문디제스터,1,0,0,0,0,0,0,0,1,0
빨갱이 담당일찐 조용기 목사ㅋㅋㅋㅋㅋㅋㅋ 조용기 목사님 예전에 비해 많이 쇠약해보이시던데 오래 사셨음 좋겠다,0,0,0,0,0,1,0,0,1,0
시발 똥 싸라고 있는 곳에 좆질을 왜 하냐 ㅅㅂ,1,0,0,0,0,0,0,0,0,0
ㅎㅎㅎ 재앙이 같이 생겼네 일루미나티 짱깨ㅅㅋ,0,1,0,0,0,0,0,0,1,0
문재앙 섹파자나. 저번 행불때 사실 저 새끼 똥꼬에 오지게 박아대서 자지가 문드러저 치료받은 거라더라,1,0,0,0,0,0,0,0,1,0
마계인천에 짱깨? 대마계촌 이노 씨발ㅋㅋ,0,1,0,1,0,0,0,0,0,0
와....저거 여자 나체 그림이었어봐라. 백프로 성적 모욕이니 뭐니 해서 난리났을텐데...진짜 이 나라는 너무 비상식적이다.게이 세끼들은 스스롤르 얼마나 성적으로,1,0,0,0,0,0,0,0,0,0
게이클럽 해놓고서 숨어들게하고 코로나퍼트려 문통 힘들게하려는 언론들의 개수작 이라는 소설~~~~,0,0,0,0,0,0,1,0,1,0
ㅇㄱㄹㅇㅍㅌ뭐 이명박 다문화도 박근혜랑 겹치는 점이 좀 있긴한데박근혜는 뭔 여자랑 다문화에 서민 증세해서 퍼주니 더 싫음. 특히 자동차세 ㅋㅋㅋ,0,1,0,0,0,0,0,0,1,1
진심 한남들 심각하게 운동안하노 진짜 근육있는 새낄 제대로 못봤노 그나마 예전엔(원빈 똥방신끼 세대) 남배우 좆돌 안가리고 초콜릿 복근 식스팩 뭐뭐 열풍이기까진 했는데 요샌 무작정 착즙의 향연에 평균수준이 갈수록 더 구려지는거 같노 도태각이 몹시 날카롭다 이기,0,0,0,0,0,0,0,0,1,1
틀딱에 틀무새도 포함 된거 모르냐어느쪽일진 확실히 모름,0,0,1,0,0,0,0,0,0,0
이자스민정도면 주절먹,0,1,0,0,0,0,0,0,1,1
어우 심했노,0,0,0,0,0,0,0,1,0,0
ㅎㅎㅎㅎ뭐 어쩌라고 트젠 여혐 오지게하면서 여자들에게 연대하라는 심보는 뭐임 ? ㅋㅋㅋㅋㅋㅋㅋ연대맡겨놓음? 한남들아 니들은 여혐이나 하지말어 소수자 혐오하는 주계층이 한남이면서 지들이 안 하는거 여자는 왜 안해 빼애액 앵간해 우습다,0,0,0,0,0,0,0,0,0,1
"쫄리지? 여기저기 눈치 보니, 이젠 도망가고 싶지? 난파선위 쥐꼴.",0,0,0,0,0,0,1,0,0,0
홍준표 진짜 싫다 난 김진태 지지했고 낙마후 남재준 지지했었다준표가 싫지만 이런 부류가 대통령되는건 싫다를 넘어서 위기감을 느낀다 좆족이라니? 조옺족? 씨팔!,0,1,0,0,0,0,0,0,1,0
이낙연 본관 = 전라도 전주 이씨이낙연 고향 = 전라도 영광까보전,0,0,0,1,0,0,0,0,1,0
딸쳐도 직후 현자타임 잠깐 그때뿐이다.,0,0,0,0,0,0,1,0,0,0
닭년 - 여성부 > 여성가족부로 확장다문화 지원 예산 증가닭빠들 부들부들!닭년 - 여성부 > 여성가족부로 확장다문화 지원 예산 증가닭빠들 부들부들!닭년 - 여성부 > 여성가족부로 확장다문화 지원 예산 증가닭빠들 부들부들!,0,0,0,0,0,0,0,0,1,1
남자도 정신적 생리 가능함 생리휴가 가즈아,0,0,0,0,0,0,0,0,0,1
이자스민따위가 서울대 법대 강용석을....?,0,1,0,0,0,0,0,0,1,0
에릭슨이 그런 아픔을 가진 분인지 몰랐네요  악한 자들은 자신들 밖에 모릅니다.  동성애가 자신들의 인권이면 탈동성애 또한 탈동성애자들의 인권입니다.,1,0,0,0,0,0,0,0,1,0
"ㄴㄴ 저정도는 메갈충이 아님메갈,워마드 가면 원빈,송중기,강동원,서강준아무리 잘생겨도 전부다 한남충이라고 욕함ㅋㅋㅋㅋㅋㅋ저정도 반응은 메갈 접한지 얼마안된 반응임",0,0,0,0,0,0,0,0,1,1
"미투운동= 꽃뱀 지지 운동, 주로 창녀 출신들이 주를 이루어 행해지고 있다. 물론 잘나가는 창녀들 말고, 한물간...김지은 = 꽃뱀 백퍼!",0,0,0,0,0,1,0,0,1,1
이런짓하려고 지하철전동차 출입문 유리창까지 파괴하냐? 이쯤되면 동성애는 거의 철도 지하철 버스에의 테러리스트다. 동성애 망나니짓하려면 해라. 그리고 걍 죽어라. 동성애자 동성결혼자 무슬림 이단사이비광신자 너희 애새끼들은 더 이상 이승에서 살아있을 가치가 없어보인다.,1,0,0,0,1,0,0,0,0,0
저게 나라대표로 나가서 할 소리냐. 빨갱이새끼 아니고서야 어떻게 저런 말이 입에서 나오지.,0,0,0,0,0,1,0,0,0,0
ㅋㅋㅋㅋㅋ 행동력 ㅇㅈㄹ ㅋㅋㄱㄲ 정게 틀딱 특) 김정은이 박근혜 석방하라고 하면 김정은 애국 우파 행동력 좋은 청년임,0,0,1,0,0,0,0,0,1,0
"한인이민충 특징: 현지에서는 세탁소 똥송칭챙총이면서 일베만 오면 천조국게이,천조국응딩이라면서 온갖 허세 다 부림",0,1,0,0,0,0,0,0,1,0
일베 논란 예약꼭 성공해라 ㅋㅋ,0,0,0,0,0,0,0,1,0,0
고 변희수 하사가 중국군인 이었다면?,0,1,0,0,0,0,0,0,1,0
갓건배는 한강 아래에 집짓고 살고 있다 그러니 한남들은 찾아가려면 재기따라가면 된다 재기가 괜히 한강에서 재기했겠노? 재기는 다 현안이 있어서 그런거니 어서 속히 따라가거라!!,0,0,0,0,0,0,0,0,0,1
이 지역 노인네들중 왕의 부름을 받았으니 영광으로 알아야지 하는 노인들 꽤 있음 ㄹ혜 대선조차도 나오면 안된다고 울부짖은 가족 모임날 50년생 경북고등 영대미대 나온 외삼놈에게 도 직접 들음 울 엄마 공장가서 주야로 일해 학비대주니 알바한번 안하고 쉽게 살아온주제에,0,0,1,0,0,0,0,0,1,0
이자스민 암살인증하면 몇베가노??,0,1,0,0,0,0,0,0,1,0
참 진짜 별 걸레 같은 기사 다보겠네... ㅡ ㅡ 주민등록증과 실제 외모가 성별이 다르게 느껴지면 당연히 본인확인 해야 되는게 정상 아닌가요?,0,0,0,0,0,0,1,0,0,0
"토착왜구고 나발이고 무""슨상""관 ?그냥 ""전라도""라는 것 자체가 개씨발 아웃인데 ?",0,1,0,0,0,0,0,0,1,0
어차피 추세라는게 있으니 보수성향의 시장이 당선되도 동성애를 지지 한다고는 하겠지만박원순은 지나치다.,1,0,0,0,0,0,0,0,1,0
여자였으면 신상공개 안됐을텐데 ㅋㅋㅋ,0,0,0,0,0,0,0,0,0,1
"이부진사장님, 저 그지새x 2억만 줘서 일본으로 쫒아주세요~",0,0,0,0,0,0,1,0,1,0
송영무 저새낀 어디 달동네 슈퍼마켓 아재같이 생김,0,0,0,0,0,1,0,0,1,0
설현 갓치가 김희iron 밀치고 앞에서서 봊꾸러기 표정 짓고 센터 차지해야한다 익이야 헬좆선민국 한남민국아,0,0,0,0,0,0,0,0,1,1
문재인을 욕할필요없다. 그를 뽑은 국민들이 병신이다 라는 나의 관점과 비슷한 생각을 가지고계신 배우신 분,0,0,0,0,0,1,0,0,1,0
처음부터 불법적인 짓을 할목적으로 서버를 해외에 두고 운영해놓고 이제와서 뭐가 억울하다는 건가,0,0,0,0,0,0,1,0,0,0
그래서 김현미 안짜르고 냅두는구만...먼 개 같은소리야..,0,0,0,0,0,0,1,0,1,0
눈치보지말고 애새끼한테 욕해라 이 개새끼가 미쳤나 라고 난 실제로 그렇게함 맘충들 내 인상보고 쫄아서 암말도못함,0,0,0,0,0,0,0,0,0,1
이봉원 신고 안하냐,0,0,0,0,0,0,1,0,1,0
"이자스민이 대통령이 돼서 낸 첫 정책 = 모든 불체자 합법화와 코피노 국내정착 장려, 모국 필리핀의 코피노출산미혼모 장려금 대폭 지원, 향후 필리핀 연방을 만듦필리핀 연방필리핀 = 아시아의 영국한국 = 필리핀 식민지, 아시아의 미국",0,1,0,0,0,0,0,0,1,0
나 정말 정말 몰라서 그러는데... 워마드는 일베에 적 아니냐? 근데 재들도 문재앙 싫어함? 저기 등치크고 성격 나쁜 여자애들 집단 아니냐? 근데 재들이 문재앙 뇌물현 저정도로 싫어 하면 우리 편이네,0,0,0,0,0,0,0,0,1,1
조선족 대신 조원진이다답은 조원지니,0,1,0,0,0,0,0,0,1,0
즈그 자지가 무슨 고무줄이노? 2.9에서 29가 되게ㅋㅋㅋㅋ? 하찮다 이기,0,0,0,0,0,0,1,0,0,0
이대만 아니었으면....,0,0,0,0,0,0,0,1,0,0
그곳은 '슨상'님이 주님아니었당가?나는 여지까지 그곳사람들은 '슨상'교 신자인줄 알았당께,0,0,0,1,0,0,0,0,1,0
표준어가 괜히 표준어냐?,0,0,0,0,0,0,0,1,0,0
자똥스민 어떻게 의원 간거냐,0,1,0,0,0,0,0,0,1,0
카람 김은수 저거 한국 무슬림대장이다. 이희수 교수랑 한국개슬람 옹호 투톱임. 삼성전자 다니다 때려치고 사우디에 유학갔다온 골수 와하비즘 종자다.내가 수십번 저새끼랑 채팅하다 논리로 개박살냈다.지금은 자기가 새끼친 개슬림 알바로 대신 채팅봇돌림.,0,0,0,0,1,0,0,0,1,0
세계일보는 왜 진중권 기사를 받아 쓰지......신문 같지도 않는 것들이......유신보수잔당어르신들,0,0,0,0,0,1,0,0,1,0
조선족 새끼들 하나같이 촌스럽던데,0,1,0,0,0,0,0,0,0,0
천조국 검찰수사관이었으면 저 조잘대는 썅년부터 조졌을 듯.,0,0,0,0,0,0,0,0,1,1
옥주현이 방송가에서 홍어 카르텔에 얼마나 괴롭힘 당했겠냐 안 봐도 비디오,0,0,0,1,0,0,0,0,1,0
이자스민 의원님 존예인듯 ㅎㅎ,0,0,0,0,0,0,0,0,1,1
"내 어리버리, 왕따, 씹찐따, 눈치제로, 아싸, 부적응 관심병사, 어좁이, 존못 사촌동생은? 걔는 심상정 찍었데. ㅋㅋㅋㅋ",0,0,0,0,0,1,0,0,1,0
뭘 꽤뚫어,0,0,0,0,0,0,0,1,0,0
pc충새끼들 진짜 칼로 찔러 죽여버리고싶다,0,0,0,0,0,1,0,0,0,0
이단끼리 끼리 끼리 노는구나~ 전광훈이 왜 빠졌냐~??? 네가 조재호냐~??.,0,0,0,0,1,0,0,0,1,0
매국노일수록 홍어나 좌좀일 가능성이 아주높지,0,0,0,1,0,0,0,0,0,0
흔한 일베충 인성도 저것보단 좋겠다 ㅋㅋ,0,0,0,0,0,0,1,0,0,0
김진태가 잘컸으면 pc충 조지는 선봉장역할 하다가 대통령까지 지냈을텐데 하필 박그네가 개짓거리하는바람에 ㅅㅂ,0,0,0,0,0,1,0,0,1,0
유투브가 진짜 심각하다. 욕으로 성소수자로 기본2천이상은 번데ㅋ 그중 엄마용돈. 애인용돈 ~  그거할라고 목숨걸고 뗏냐??,1,0,0,0,0,0,0,0,0,0
ㅋㅋㅋㅋㅋㅋ 왜 걸릴까봐쫄리냐 차이나게이트법 발의 반대하면 뭐 걍 빼박조선족인증이지,0,1,0,0,0,0,0,0,0,0
노무현은 바보병신이라서 지가 호남바지사장노릇한줄도 몰랐던거야근데 본인도 짱구좀 굴려보니 ㄹㅇ 홍어새끼들은 말이 안통하거든결국에 자살당함,0,0,0,1,0,0,0,0,1,0
법원에 아무래도 전광훈교 맹신판새들이 많은가보이,0,0,0,0,1,0,0,0,1,0
성재기 후장에 8명 한남소추 도전하노,0,0,0,0,0,0,0,0,1,1
볼것도 없드만 대ㅡ단한 자지초상권이노,0,0,0,0,0,0,0,0,0,1
예전 갤플에 시위가는사람 게시물은 아묻따 워추박기로 했었노,0,0,0,0,0,0,1,0,0,0
전구 시발ㅋㅋㅋㅋㅋㅋㅋㅋㅋㅋㅋㅋ,0,0,0,0,0,0,1,0,0,0
신은 칰느님밖에 없.다.,0,0,0,0,0,0,0,1,0,0
수술 한 번으로 여자가 되는 게 아니야 생리하는 부담 아이 낳는 고통~ 동성애 반대 문재인 아웃 주체사상 공산주의 아웃,1,0,0,0,0,1,0,0,1,0
맘충들 선동에 잘 넘어가니 카페마다 저런글 올려서 세뇌시키려는거지.,0,0,0,0,0,0,0,0,0,1
보지들한텐 공유 강동원 그냥 보픈 프리패쓰임,0,0,0,0,0,0,0,0,1,1
무시하고있다. 틀니새낀데최태민 박근혜 놀린다고징징대는 틀니새끼 지원사격좀 누구없나,0,0,1,0,0,0,0,0,1,0
틀딱이냐 니냐 누가 발광하는 거냐?,0,0,1,0,0,0,0,0,0,0
근데 이수정도면 굳이 성매매 안해도 대줄 여자 널렸지않냐?고딩 따먹다가 이미지 조져버린거보면 좀 안타까움 그놈의 좆이 문제다,0,0,0,0,0,0,0,0,1,1
남자들 책 안 읽는 거 티 내네 베스트셀러 글에 좋아요 좀 눌렀다고 이렇게 화낼 일이냐ㅋㅋㅋ,0,0,0,0,0,0,0,0,0,1
서로 추구하는 가치관이 다르겠지. 성격차이였다면 애들때문에 지금까지 기다렸나,0,0,0,0,0,0,0,1,0,0
이련이련 꿀팁이노ㅋㅋ 처 창놈은 와꾸가 딱 전형적이노 여윽시 유충클라스,0,0,1,0,0,0,0,0,0,1
논리가 없는데 뭔 논리를 논해 븅신이 ㅋㅋㅋㅋ,0,0,0,0,0,0,1,0,0,0
된장녀의 원조 김옥빈,0,0,0,0,0,0,0,0,1,1
그냥 홍통둘다죽여,0,0,0,1,0,0,0,0,0,0
급식새끼들 문재인 안철수 누군진아냐? 씨발아,0,0,1,0,0,0,0,0,1,0
패악질을 부리는 남성혐오적 페미니스트들한테 선을 그은 정치인은 여당에선 추미애가 유일하네,0,0,0,0,0,0,0,0,1,1
하... ㅅㅂ ㅋㅋㅋㅋㅋㅋㅋㅋ,0,0,0,0,0,0,1,0,0,0
ㅋㅋㅋㅋ맞다ㅋㅋㅋ쌍도개병신들 맞는데 김대중 노무현 홍어들이 ㄱ씹극혐병신이라 용ㅅㅓ됨,0,0,0,1,0,0,0,0,1,0
정희랑 영수랑 섹스함?영수의 발기된 자지를 정희의 보지속에 삽입함?,0,0,0,0,0,0,1,0,1,0
ㅋㅋㅋㅋ 한국은 대놓고 성차별하네 ㅋㅋㅋㅋㅋㅋㅋㅋㅋㅋㅋㅋㅋㅋㅋㅋㅋㅋㅋㅋㅋ천조국 게이로써 존나 신기하다,0,1,0,0,0,0,0,0,1,0
본래 희귀성씨 가진사람들이 족보에 시조가 중국이나 어디 다른나라에서 귀화한걸로 돼있어서 이민정책에 관대한 편.,0,1,0,0,0,0,0,0,1,0
황폐해진 세상과 마음의 복음이 푸른 숲을 이루길 기도합니다,0,0,0,0,0,0,0,1,0,0
시발 일게이들 똥남아 개극혐 이러더니이자스민 안들 잘생기니 시무룩행똥쏭이 아니라 니들이 못생긴겨 4대천황처럼 생긴것들아,0,1,0,0,0,1,0,0,1,0
틀딱논리면 박정희 각하도 빨면안됨,0,0,1,0,0,0,0,0,1,0
이 새끼도 완전 리틀 이만희네 ㅋㅋㅋ 일반 교회 업체들이 그렇게 신천지 욕하면서 목사 새끼들 최종 목표가 이만희 같이 되는게 꿈인가보다 이만희가 예수 팔아 돈버는 모범 사례인가보다 신천지만도 못한것들 ㅋㅋㅋ,0,0,0,0,1,0,0,0,1,0
노무현대통령님을 죽인 친일집단들 토착왜구들 니들은 시한부 인생에 정리를 잘 해야할거다.,0,1,0,0,0,0,0,0,1,0
이준석 저새끼 아무리 봐도 보수에 심어놓은 트로이 목마인듯 하는 말 들어보면 보수 이념이랑 거리가 너무 멈 혹시 이새끼도 짱깨가 키운 새끼 아닐까,0,1,0,0,0,0,0,0,1,0
이스라엘 vs 팔레스타인만 봐도 무슬람들이 얼마나 폭력적인지 알것이다,0,1,0,0,1,0,0,0,0,0
맘충은 고소 안되노? 이것도 -충인데,0,0,0,0,0,0,0,0,0,1
여성부만든 똥대중 초기원흉이 이화여대생이라고 봐도 무방할듯 이거맞나?,0,0,0,0,0,0,0,0,1,1
우선 요즘 보지들 눈 개높다,0,0,0,0,0,0,0,0,0,1
보빨오지네 커피먹는거랑 여자랑 무슨상관이냐? 여자들이 허영심 가득차서 커피 오지게 처먹는건 알지만,0,0,0,0,0,0,0,0,1,1
와 봊나부럽노 재기후 남동충 방 박살내기파티 ㄹㅇ 인생파티각이노,0,0,0,0,0,0,0,0,0,1
인권팔이하는 애들아~~조국 아들딸때문에 피해본 학생들의 인권은 뭐라 이야기할래?,0,0,0,0,0,1,0,0,1,0
전형적인 경상도 얼굴 박정희랑 비슷하게 생김 약간 원숭이 상 같기도하고 뱀상 같기도 한 얼굴 이목구비도 ㅎㅌㅊ,0,0,0,1,0,0,0,0,1,0
Tongue,0,0,0,0,0,0,0,1,0,0
당연하지; 북한은 다같이못살고 한국은 상류층과 차이는 많이나는데 흙수저라도 밥은 안 굶고 다니잖아,0,0,0,0,0,0,0,1,0,0
한국여자는 다 김치녀라는 말은 잘 하다가 한국여자는 다 메갈이라는 말은 곧뒈져도 안함 ㅋㅋㅋㅋㅋ 김치녀=김치좆이 못가져서 짜증냈던 여자,0,0,0,0,0,0,0,0,0,1
하 머가리 따서 안에 뭐들었나보고싶다,0,0,0,0,0,0,1,0,0,0
조미현 기자야 페미니즘이 남성혐오 사상이잖냐 그래서 혐오당하는거다,0,0,0,0,0,0,0,0,1,1
아~~~ 여자니까 군머 안가서 노무 행복하다^0^ 한남충들 군머에서 2년 시간 버릴동안 스타벅스가서 커피 마시고 호텔가서 양쇼타남이나 데리고 놀아야겠노^^,0,0,0,0,0,0,0,0,0,1
일본이 무역보복하면 나라 망한다던 극우틀딱들 다 어디갔노 ㅋ문재앙이 일본 무역보복 맞대응으로 수입다변화 성공해서 삼성으로 수출길 막힌 일본기업 좆되게만들고 일본 조련잘하는중인데 ?,0,0,1,0,0,0,0,0,1,0
결혼할 때 현타왔다. 이효리같이 부족한 게 없는 여자가 왜 저런????? 저런 와꾸랑 결혼을???????? 어리고 조신한 미남이 줄 섰을 텐데 안타까웠노.,0,0,0,0,0,0,0,0,1,1
임영웅 저새끼 눈 사팔뜨기 존나 무섭네 사시가 진짜 좆같음 신기한게 송가인도 눈 사시임 둘이 1등 먹음 사시 트롯,0,0,0,0,0,0,1,0,1,0
예전에 한창 이자스민이 하던거 통과됐냐,0,0,0,0,0,0,0,1,0,0
참 저한마디 했다고 10년이 가까이 강호순 유영철보다 더 가열차게 까이는게 말이되노 소추한냄국 토나온다이기야,0,0,0,0,0,0,0,0,1,1
진짜 일베를 하면서 궁금한거 딱 하나있는데 우리나라는 초등학교랑 중학교까지 의무교육아니냐?어떻게된게 이 앰창히키찐따 일게이새끼들은 매우 기초적인 맞춤법도 맨날 틀리고 모르냐 씨발 진짜 궁금함,0,0,0,0,0,0,1,0,0,0
평범한 한국여자노 ^^ 김치좆놈들만 한껏부랄을 쪼그리고 다니는거 아니겠노,0,0,0,0,0,0,0,0,0,1
이슬람애들 음식 가리고 기도 따지고 하는거 극혐.거슬리노.,0,1,0,0,1,0,0,0,0,0
사회주의로 가는게아니라 이미 우린 공산주의임 ㅋㅋ,0,0,0,0,0,0,0,1,0,0
문재앙 병신 새끼는 짱개국 가서 뒤지지 않고 온것만도 감사하고 살듯 ㅅㅂ,0,1,0,0,0,0,0,0,1,0
전광훈이가 이단이 안된상태야. 그런건 이미 개신교 저것들도 똑같이 오염됐단거지.,0,0,0,0,1,0,0,0,1,0
일본이랑 섹스해서 애낳고 중국조지러 가야하는데 문재앙이 겐세이 존나하노 씨발,0,1,0,0,0,0,0,0,1,0
문재앙 얻어맞으니까 많이 힘드냐? 부들대는 꼴이 우습네.,0,0,0,0,0,0,1,0,1,0
저런게 홍어마인드다. 당장 눈앞의 이익만 쫓으면서 사는 좆버러지인생들,0,0,0,1,0,0,0,0,0,0
6이미 좆국 윗자리 웜이 먹었다구? 그럴리업쏘 쿵쾅쿵쾅9 하는 자집애들 앵앵소리에 넘어가다니 뭐하는거로,0,0,0,0,0,0,0,0,0,1
자한당 정쟁의 끝은 어디인지.. 끝이 없군요,0,0,0,0,0,0,0,1,0,0
"심옥주란 여자는 말투가 그냥 무당이던데, 미친 짓거리나느니, 그따위로 하면 되냐느니? 못배운티 팍팍나고, 어데 들을게 없어 저런 무식한 소리하는 여자 소릴 들을까. 한국인이 그케 어리석은 자가 많다는데 분노를 금치못하겠다",0,0,0,0,0,1,0,0,1,0
쟤네 말대로 인생 더 살기 싫을 정도로 강한 처벌해서 재기시켜라,0,0,0,0,0,0,1,0,0,0
의료비나 의무교육을 따지기 이전에 자국에 가면 애초부터 받지못할 복지혜택인데 한국에 와서 방따시고 굶진 않으니 요구사항이 많네 ㅎㅎ,0,1,0,0,0,0,0,0,0,0
근데 문제인 대답할때마다 눈 감는거 습관인가? 구라치는지 아닌지 모르게 눈을감추는거,0,0,0,0,0,0,1,0,1,0
이슬람교 포기하는 조건으로 난민 받아주면 안되나,0,1,0,0,1,0,0,0,0,0
못생김이 펄펄..,0,0,0,0,0,0,1,0,0,0
"양한승목사 = 앵벌이,  이래서 교회가 미안합니다.",0,0,0,0,1,0,0,0,1,0
얼굴이 ㅅㅌㅊ면 커버 가능할거같은데.,0,0,0,0,0,0,0,1,0,0
똥남아 이자^슨^민 새끼 완득이볼때 누군가했다,0,1,0,0,0,0,0,0,1,0
니네들 정신적 지주인 이국주도 음식 시킬때 많이 시키는거 쪽팔려서 친구 있는척 하잖아 ㅋㅋㅋㅋ 미친년들아,0,0,0,0,0,0,0,0,1,1
문재인찍고 토착왜구 물러나라 잘하게보이던데,0,1,0,0,0,0,0,0,0,0
통구이들 특징 : 지들 까이는 떡밥이면 급하게 화제 전환 마 ! 이게 쌍도 남자 아이가,0,0,0,1,0,0,0,0,0,0
"문통, 문빠와 함께 적폐셰력 토착왜구 반일 등 지지를 위해 혐오를 조장하여 국민을 분열시킨 것에 사과를 하세요.",0,1,0,0,0,0,0,0,1,0
이준석 할말했네 남녀평등 장학금도 성적도 평등해야지 녀자들도 존심 안 상할려면,0,0,0,0,0,0,0,0,1,1
방구석 병신들 개소리 ㄴㄴ진짜 인터넷의 폐해다.. 병신들이 개소리만 하고 있어.,0,0,0,0,0,0,1,0,0,0
저게 헛소리인이유 대꺠문이 아닌이상 미통당아니면 찰스당임,0,0,0,0,0,0,1,0,1,0
정치학적으로 저게 맞는거다보수가 존나 어리버리 까고 있는거다 중도적인 선택만큼 멍청한것도 없다,0,0,0,0,0,0,1,0,0,0
게으르고 유리멘탈 인성병신이라 그럼. 오버워치 밤새면서 노가다하고 1위하는 한남국자가 못할리가없지 ㅋㅋㅋㅋㅋ 그냥 개삐융신들임,0,0,0,0,0,0,0,0,1,1
일본처럼 항시 순찰하며 불법체류자들 추방종하자 거기에 외국인 통장 못만들게해라,0,1,0,0,0,0,0,0,0,0
ㄹㅇ절대안함,0,0,0,0,0,0,0,1,0,0
제발 저 미친 개독교 짐승에게서 저아이 구해주세요,0,0,0,0,1,0,0,0,0,0
트럼프 재선되면 조선족벌레 100마리 죽여야지 ㅎㅎㅎ그때쯤은 중국벌레 죽이는게 합법일듯,0,1,0,0,0,0,0,0,1,0
응 정신병~~~ 병원에 가둬놓고 한달만 정신개조 시키자,0,0,0,0,0,1,0,0,0,0
흑인편들면서 경찰 공격하는 백인 보지들보면서 총갈겨주고 싶음 흑인한테 강간당해봐야 정신차리지,0,1,0,0,0,0,0,0,0,1
페미니즘은 정신병 이지은 인턴 기자님 페미니즘 주제로 논리 배틀 해보실래요?,0,0,0,0,0,0,0,0,1,1
남녀할당제 수해자중 90퍼정도가 한남임ㅋㅋ,0,0,0,0,0,0,0,0,0,1
여자들이 만들어낸 남성 혐오 단어들은 왜캐 죄다 뇌내망상에서나온 단어들일까?,0,0,0,0,0,0,0,0,0,1
이 경우엔 해야 함. 그 6만명이 성재기 처럼 남성운동이 1이라도 관심 있었으면 이딴 일은 없지..자업자득. 글고 미성년물 이런 건 좀 정신병자 새끼 맞자나. 쉴드 ㄴ,0,0,0,0,0,1,0,0,1,0
출소해서 저교회 나가면 되겠네 학생부나 유년부 교사로 거듭나시길 바랍니다 조형재님 아니 조집사님,0,0,0,0,1,0,0,0,1,0
태생적으로 유전자가 빻아서 대가리가 재기한 부분이노.,0,0,0,0,0,1,0,0,0,0
전라도는 저것도 지역관례라 합법임,0,0,0,1,0,0,0,0,0,0
해외에서 신부 들여와 결혼하는 이유가 남자들의 성욕 해소를 위한 탈출구라는 말은 개연성이 없어보인다. 하지만 강용석이 말한 이 다문화 자녀들이 사회불만세력이 될 확률이 굉장하 높고 장기적으로 문제가 될 소지가 다분해보임. 강용석이 맞는 말 했네.,0,1,0,0,0,0,0,0,1,0
전라도는 예로부터 우리 조상인 북방민족이 덜 밀어낸 땅에 살면서 식민통치 받았던 애들임. 유전자가 흐름다 유전자가,0,0,0,1,0,0,0,0,0,0
살면서 걸러야 할 새끼들알라 믿는 새끼예수 믿는 새끼짱깨 빠는 새끼슨상 빠는 새끼 호남 출신 새끼그리고 우리 일게이들,0,1,0,0,0,0,0,0,1,0
아주 자기가 신인줄 아는 악한 자...,0,0,0,0,0,0,1,0,0,0
틀딱들은 최태민이랑 박근혜가 ㅅㅅ한 팩트도 인정안함홍어패는 전두환도 좆족홍어라고 함,0,1,1,1,0,0,0,0,1,0
쌀국 자댕이들이 부랄딸랑이면 볼 만 하겠노 껄껄,0,0,0,0,0,0,0,0,0,1
이들을 못지키면 나라도 아니다.,0,0,0,0,0,0,0,1,0,0
마누라 = 임마 누워라 이뜻아님?? 봊나 듣기 시름 아내가 꽁씹용 대기조냐?,0,0,0,0,0,0,0,0,0,1
ㅋㅋㅋㅋ북한 돼지새끼가 '박근혜 목에 100억!!' 이런다고 돈에 눈 돌아삔 홍어새끼들이 박근혜 근처에 얼쩡 거릴수나 있을까? 그냥 뻥카 치는거겠지ㅋㅋ,0,0,0,1,0,0,0,0,1,0
ㅋㅋ 참빨리도 사과했다 사과하기 그렇게 어렵디?ㅋㅋ,0,0,0,0,0,0,1,0,0,0
새누리라 까는거저새끼들 이완용 같은 놈도 전라도면 커버쌀놈들임,0,0,0,1,0,0,0,0,0,0
문재앙표 개돼지 노조나라,0,0,0,0,0,1,0,0,1,0
역시 페미는 나쁜건가봅니다,0,0,0,0,0,0,0,0,0,1
진심 이자스민 명치 삼일한하고싶다,0,1,0,0,0,0,0,0,1,1
확실히 도태남새끼들한테'사랑 거절'은 너무나도 큰 치욕임본인이 그정도까지 병신이라고 생각은 안했을텐데 거절당하면 눈돌아감그걸 인정할 수가 없어서 저런 범죄를 일으킨거같음,0,0,0,0,0,0,0,0,0,1
그런 전라도년 ㅂㅈ가 맛있음,0,0,0,1,0,0,0,0,0,0
맞습니다. 세상이 변하면 사람덜도 변화해야지요. 우리나라 완죤 대모만하면 해결되냐구요. 의식도 변화해야지요.nHi-aiss 시스템으로 고고씽씽,0,0,0,0,0,0,0,1,0,0
아 근데 보수가 혹시 착각할까봐.. 전원책은 말할 것도 없이 더 짜증남. 좆보수 한남들은 아예 여성을 하등하게 보고있음,0,0,0,0,0,0,0,0,1,1
일단 군대부터 같이 가자 그럼 생각이 달라지겠지,0,0,0,0,0,0,0,1,0,0
양심있는 17인의 공무원님들 감사합니다 이더런 문재앙정권은 항상 소수의 인권은 있고 다수의 인권은 무시합니다 우리 아이들에게 미치는 더런동성애난동을 좌시하지 않을겁니다,1,0,0,0,0,0,0,0,1,0
슨상교 미만잡,0,0,0,1,0,0,0,0,1,0
동성애를 옹호하는 정의당이 N번방 사건에 대해서 따지니 어의없습니다. 정의당은 인민더불어민주당과 함께 북한가세요. 가자마자 험한 일 당하겠지만..,1,0,0,0,0,0,0,0,0,0
덕완아 재기민기직수하자,0,0,0,0,0,0,0,0,1,1
참 감사합니다...이 나라를 위해 목숨걸고 진실을 알려주시는 그 용기..본받고 갑니다ㅠ,0,0,0,0,0,0,0,1,0,0
"종현이 찌찌는 보고싶은데, 못봐서 크리토리스 부왘하다가 이성차린척 하는거지 ㅅㅂ",0,0,0,0,0,0,0,0,1,1
포탄 날라가다 바람불어서 즌라도로 가면 좋겠다그것도 전남에 있는 '슨상그라드'로,0,0,0,1,0,0,0,0,1,0
앵나 쓸모도 없는걸 살리겠다고 줄기세포 수술까지 나오노,0,0,0,0,0,0,1,0,0,0
진 그만해라,0,0,0,0,0,0,1,0,1,0
탈북민은 망명 보내고 쯍국 조선족 빨갱이는 환영하고. 문재인은노무현2 ㄹㅇ,0,1,0,0,0,0,0,0,1,0
잘생기고 못생기고를 떠나서 지들 나라도 못지키는 한심한 민족이라고 생각하니 존나 하찮아 보인다 ㅋㅋㅋ,0,1,0,0,0,0,0,0,0,0
틀무질하는새끼들 평균나이가 저거임 존나 황당한거임,0,0,1,0,0,0,0,0,0,0
후기 기대합니다,0,0,0,0,0,0,0,1,0,0
남자놈들 베댓들을 찬찬히 읽어봣는데 시궁창 같은 열폭냄새가 진동을 한다. 한편으론 불쌍하다. 남자만을 위한 나라에서 저 정도 열등감을 가지고 있는 남자라면 대체 얼마나 하타취 인생이란 말인가,0,0,0,0,0,0,0,0,0,1
수사는 당연히 해야하는데 나는 이게 물타기처럼 보인다 이거지 이득보는 놈이 범인인데 조선족과 문재앙 외에는 생각이 안나네 이 새끼들 너무 눈에 보여 ㅇㅇ 140만도 의심스럽고,0,1,0,0,0,0,0,0,1,0
열등감에 쩔어 있어서 그래.사람들에게 고향 어디냐고 물어 보면 다른 지역은 바로 말하는데 전라도는 한박자 쉬고 말하던가 아니면 읍이나 면을 말하고 그게 어디냐고 다시 물으면 그때 '쩌~기 어디어디 옆이야' 이렇게 말한다.,0,0,0,1,0,0,0,0,0,0
똥꼬충들이또..,1,0,0,0,0,0,0,0,0,0
어디서 숙명드립이야 씨발 한명숙같은 씨벌년이한국와서 출세했으면 가만히나 있던가 아무튼똥남아 새끼들 미개한겁 알아줘야함,0,1,0,0,0,0,0,0,1,0
문재인이가 또....,0,0,0,0,0,0,1,0,1,0
이제 일베가려고 버스까지 탈취하네 ㄷㄷ,0,0,0,0,0,0,1,0,0,0
저 닭 껍질 같이 생긴 새 끼좀 안보고싶다,0,0,0,0,0,0,1,0,0,0
잘못을했으면 따끔하게 혼내야되는데 오히려 상을줬으니ㅋ걔는 죄의식도없겠네,0,0,0,0,0,0,1,0,0,0
"그냥 맘충이 아니라, 문주당원이겠지. 8년째 퍼다 바치던 노무현 때 북한이 최초 핵실험 한건데 뇌를 리셋했나 ㅡㅡ",0,0,0,0,0,0,0,0,1,1
오세라비 같은 위인이 참된 페미니스트지. 남성을 혐오 안하고 의무를 질려고 하는 여자 페미 자체를 안좋아하지만,0,0,0,0,0,0,0,0,1,1
ㅇㅇ 꺼지셈 개같은년아,0,0,0,0,0,0,1,0,0,0
실장 스페셜 주세요,0,0,0,0,0,0,0,1,0,0
진중권 니나 페미해라 페미는 정신병임,0,0,0,0,0,0,0,0,1,1
저러니 전국민이 전라도 전라도 하는거지,0,0,0,1,0,0,0,0,0,0
캬 명불허전 쌍도저장소,0,0,0,1,0,0,0,0,0,0
세계를 정복하는데엔 인구가 최고구나,0,0,0,0,0,0,0,1,0,0
돈때문임.. 이집트에서 남자들 자기나라보다 잘사는 외국여자들 꼬셔서 결혼하고 돈뜯어내고 팔자고치려고함.. 이집트 일반인 한달월급 30~50만원임....ㅡ.ㅡ,0,1,0,0,0,0,0,0,0,0
정게글보다 존나재밋다 더올려라 틀딱 최태민 백숙,0,0,1,0,0,0,0,0,1,0
요약 : 일베 엠창인생새끼들은 김치녀나 만나는게 정상이다.,0,0,0,0,0,0,0,0,0,1
후장에 비비탄 쏘고 싶다 이기,0,0,0,0,0,0,1,0,0,0
애비시벌 한남새끼들 얼마나 편하게 살면 저런 기본 상식도 안지켜서 살인하노? 살인자새끼 지가 살인해놓고도 sns에서 그 부랄 떤거노? 좆뱅 대성이 음주운전으로 로드킬한 것보다 죄질 심각하노,0,0,0,0,0,0,0,0,1,1
늙은 한녀는 싹 다 죽여서 돼지사료로나 써야 함,0,0,0,0,0,0,0,0,0,1
장애남만 가득한 나라라 저게 정상이 되노 내조국이었음 저렇게 애새끼 기형적이게 키우면 국가에서 추방당하노,0,0,0,0,0,0,0,0,1,1
유아인한테 개털리는 병신년들이 누굴평가해 ㅋㅋㅋㅋㅋㅋㅋㅋㅋㅋㅋㅋ,0,0,0,0,0,0,0,0,1,1
안철수 홧팅~~어짜피 호남은 대한민국땅 아니다.,0,0,0,1,0,0,0,0,1,0
탈북자 새끼들 다 북한으로 돌려보내야한다 얘들은 자기 조국을 배신한 변절자다참고로 알겠지만 배신을 한번하면 또 두번하고 그 이상으로 한다,0,1,0,0,0,0,0,0,1,0
추미애를 여자로 보는이 없다 남자보다 더하면 더했지 자건 여성도 남성도 아닌 괴물이지,0,0,0,0,0,0,0,0,1,1
어디 천조국만 그러겠냐세계 어딜가든 마찬가지지조셴징이 해외 나가서 제일 조심해야되는건 조셴징이다센적센은 과학임,0,1,0,0,0,0,0,0,1,0
끝자가 X산?끄덕끄덕,0,0,0,0,0,0,0,1,0,0
안철수 말에 공감하는이가 많다는건 성소수자들의 인격과 취향을 존중하지만 남녀노소 전부가 보는 광장에서 하는건 아이들의 정서발달에 악영향을 줄수있다는 판단이다 성소수자들의 권리도 중요하지만 반대로 보고싶지않은 이들의 권리도 있다는게 옳은말아닌가,1,0,0,0,0,0,0,0,1,0
송주성 인턴기자님 이거 컨펌 제대로 받고 올린거 맞죠?,0,0,0,0,0,0,1,0,1,0
일게이 여러분들은 저런 글쓴이처럼 되면 안됩니다,0,0,0,0,0,0,1,0,0,0
뭐만 하면 중국공략... 저러고 기어나가서 제댜로 성공한 벤처가 얼마나 된다고,0,0,0,0,0,0,1,0,0,0
작년에 그렇게 아묻따 보지뽑으랬는데도 정신못차리고 쌍도틀딱 이니뽑은 것들 때문에 완벽한 자지독재국됐노. 뒤늦게나마 쎄한거 눈치챈년들이라도 끌어모아서 좆불시위 열어야된다이기 재앙이 탄핵시켜야되노,0,0,1,1,0,0,0,0,1,1
동성애는 심각한 정신질환이다 과거 나병환자처람 한 섬에 죽을때까지 격리시키는게 옳은 처사다,1,0,0,0,0,0,0,0,0,0
ㅋㅋㅋ 사스가,0,0,0,0,0,0,0,1,0,0
게임속 성차별해결,0,0,0,0,0,0,0,1,0,0
국민과 의원들이 힘을 합쳐 꼭 막아내길 바랍니다!!!,0,0,0,0,0,0,0,1,0,0
남퀴벌레 깔깔,0,0,0,0,0,0,0,0,0,1
"조국비리, 북한목선, 북한청년들강제북송, 태양광, 탈원전, 노조불법행위묵인,,,,게이트가너무많다",0,0,0,0,0,0,1,0,1,0
전광훈 되려고?,0,0,0,0,0,0,1,0,1,0
호모게이 에이즈병균똥고들 제발 그만좀 설쳐대라ᆢ 정신병치료가 필요한 환우들이 정치한다고 설져대니ᆢᆢ심상정 같은애가 꿀빨지,1,0,0,0,0,0,0,0,1,0
5년씩이나 참았다구? 거짓말~~저년이나 박용수 할매나 김지은이나,0,0,0,0,0,0,0,0,1,1
김치녀가 되고싶다 이기야~~~ 김치녀 힘조~~~~,0,0,0,0,0,0,0,0,0,1
ㅋㅋ 그남들 상처 받고 집에서 앙앙 울다가 앙칼지게 비싼척하노 ㅋㅋㅋ 못생긴 남자의 삶이 원래 그렇게 비참한걸 어쩌겠냐 이기야 ㅋㅋㅋ,0,0,0,0,0,1,0,0,0,1
윤석렬은 더 패미인데 개무식한 새끼. 그 주둥이 다물라,0,0,0,0,0,0,1,0,1,0
왜구들이 박영선이가 나오길 바라는거쥐?,0,1,0,0,0,0,0,0,1,0
흉자련들 저러고 단톡방에 혐애고민같은거 싸지르더노. 그럴 때마다 ^남자들이 다 그렇지 너가 이해 못해서 그럼^하면 갑자기 페미로 돌변하노 ㅋㅋㅋ 흉자는 그냥 봊나 참다가 알아서 빨간약 먹게하면되도 극한으로 치닫게하되 감정쓰레기통역할은 도맡지 말아라이기이기,0,0,0,0,0,0,0,0,0,1
세상은 넓고 변태는 많다,0,0,0,0,0,0,1,0,0,0
파오후새기가 이국주논하네 ㅋㅋㅋㅋㅋㅋㅋㅋ 지들인생지들이즐기고사는거지 뭐하러신고해 찐따돼지새기야 ㅋㅋㅋㅋㅋㅋ,0,0,0,0,0,0,1,0,1,0
와 이거 ㄹㅇ맞노. 내가 항상 후려침겪는다이기야. 본인이 잘난걸 당연히 알고 그에맞게 행동하는건데 그게 잘난6척9으로 보인다는게 노무현 가소롭노. 질투할수록 ㅎㅌㅊ인게 놈딱 티난다익이,0,0,0,0,0,0,1,0,1,0
개독새끼들이 박정희를 재림예수로 보고 쭉쭉빠는구나,0,0,0,0,1,0,0,0,1,0
이명박근혜는 혐오해도 되는데 동성애자는 안돼?,1,0,0,0,0,0,0,0,1,0
한녀는 거르는게 답임,0,0,0,0,0,0,0,0,0,1
남자는 미남인데....,0,0,0,0,0,0,0,1,0,0
ㅋㅋㅋ 가만 두지 왜 말려서 ㅋㅋㅋㅋㅋ가해자는 죽어서 보상 받지도 못함 ㅋㅋㅋㅋㅋㅋ,0,0,0,0,0,0,1,0,0,0
"ㅋㅋㅋㅋㅋ 검새 출신 변호사 서방과 검새인 아들의 당신의 본색은 나경원과 간철수 캠프의 자문역할을 맡을때 본색이 드러났다 범죄자의 심리는 이수정이 잘 알지만 이수정의 심리는 국민이 잘 알고있다 ""니는 정치인이라는 거""",0,0,0,0,0,1,0,0,1,0
이게 뭔 코미디냐 신천지가 이렇게 많았다니 교총회장 심재철 명성교회 부목사...ㅋㅋㅋㅋ,0,0,0,0,1,0,0,0,1,0
